banana,banana,0,1,2,3,4,5,6,7,8,9,10,11,12,13,14,15,16,17,18,19,20,21,22,23,24,25,26,27,28,29,30,31,32,33,34,35,36,37,38,39,40,41,42,43,44,45,46,47,48,49,50,51,52,53,54,55,56,57,58,59,60,61,62,63,64,65,66,67,68,69,70,71,72,73,74,75,76,77,78,79,80,81,82,83,84,85,86,87,88,89,90,91,92,93,94,95,96,97,98,99,100,101,102,103,104,105,106,107,108,109,110,111,112,113,114,115,116,117,118,119,120,121,122,123,124,125,126,127,128,129,130,131,132,133,134,135,136,137,138,139,140,141,142,143,144,145,146,147,148,149,150,151,152,153,154,155,156,157,158,159,160,161,162,163,164,165,166,167,168,169,170,171,172,173,174,175,176,177,178,179,180,181,182,183,184,185,186,187,188,189,190,191,192,193,194,195,196,197,198,199,200,201,202,203,204,205,206,207,208,209,210,211,212,213,214,215,216,217,218,219,220,221,222,223,224,225,226,227,228,229,230,231,232,233,234,235,236,237,238,239,240,241,242,243,244,245,246,247,248,249,250,251,252,253,254,255,256,257,258,259,260,261,262,263,264,265,266,267,268,269,270,271,272,273,274,275,276,277,278,279,280,281,282,283,284,285,286,287,288,289,290,291,292,293,294,295,296,297,298,299,300,301,302,303,304,305,306,307,308,309,310,311,312,313,314,315,316,317,318,319,320,321,322,323,324,325,326,327,328,329,330,331,332,333,334,335,336,337,338,339,340,341,342,343,344
banana,banana,0,1,2,3,4,5,6,7,8,9,10,11,12,13,14,15,16,17,18,19,20,21,22,23,24,25,26,27,28,29,30,31,32,33,34,35,36,37,38,39,40,41,42,43,44,45,46,47,48,49,50,51,52,53,54,55,56,57,58,59,60,61,62,63,64,65,66,67,68,69,70,71,72,73,74,75,76,77,78,79,80,81,82,83,84,85,86,87,88,89,90,91,92,93,94,95,96,97,98,99,100,101,102,103,104,105,106,107,108,109,110,111,112,113,114,115,116,117,118,119,120,121,122,123,124,125,126,127,128,129,130,131,132,133,134,135,136,137,138,139,140,141,142,143,144,145,146,147,148,149,150,151,152,153,154,155,156,157,158,159,160,161,162,163,164,165,166,167,168,169,170,171,172,173,174,175,176,177,178,179,180,181,182,183,184,185,186,187,188,189,190,191,192,193,194,195,196,197,198,199,200,201,202,203,204,205,206,207,208,209,210,211,212,213,214,215,216,217,218,219,220,221,222,223,224,225,226,227,228,229,230,231,232,233,234,235,236,237,238,239,240,241,242,243,244,245,246,247,248,249,250,251,252,253,254,255,256,257,258,259,260,261,262,263,264,265,266,267,268,269,270,271,272,273,274,275,276,277,278,279,280,281,282,283,284,285,286,287,288,289,290,291,292,293,294,295,296,297,298,299,300,301,302,303,304,305,306,307,308,309,310,311,312,313,314,315,316,317,318,319,320,321,322,323,324,325,326,327,328,329,330,331,332,333,334,335,336,337,338,339,340,341,342,343,344
banana,banana,0,1,2,3,4,5,6,7,8,9,10,11,12,13,14,15,16,17,18,19,20,21,22,23,24,25,26,27,28,29,30,31,32,33,34,35,36,37,38,39,40,41,42,43,44,45,46,47,48,49,50,51,52,53,54,55,56,57,58,59,60,61,62,63,64,65,66,67,68,69,70,71,72,73,74,75,76,77,78,79,80,81,82,83,84,85,86,87,88,89,90,91,92,93,94,95,96,97,98,99,100,101,102,103,104,105,106,107,108,109,110,111,112,113,114,115,116,117,118,119,120,121,122,123,124,125,126,127,128,129,130,131,132,133,134,135,136,137,138,139,140,141,142,143,144,145,146,147,148,149,150,151,152,153,154,155,156,157,158,159,160,161,162,163,164,165,166,167,168,169,170,171,172,173,174,175,176,177,178,179,180,181,182,183,184,185,186,187,188,189,190,191,192,193,194,195,196,197,198,199,200,201,202,203,204,205,206,207,208,209,210,211,212,213,214,215,216,217,218,219,220,221,222,223,224,225,226,227,228,229,230,231,232,233,234,235,236,237,238,239,240,241,242,243,244,245,246,247,248,249,250,251,252,253,254,255,256,257,258,259,260,261,262,263,264,265,266,267,268,269,270,271,272,273,274,275,276,277,278,279,280,281,282,283,284,285,286,287,288,289,290,291,292,293,294,295,296,297,298,299,300,301,302,303,304,305,306,307,308,309,310,311,312,313,314,315,316,317,318,319,320,321,322,323,324,325,326,327,328,329,330,331,332,333,334,335,336,337,338,339,340,341,342,343,344
banana,banana,0,1,2,3,4,5,6,7,8,9,10,11,12,13,14,15,16,17,18,19,20,21,22,23,24,25,26,27,28,29,30,31,32,33,34,35,36,37,38,39,40,41,42,43,44,45,46,47,48,49,50,51,52,53,54,55,56,57,58,59,60,61,62,63,64,65,66,67,68,69,70,71,72,73,74,75,76,77,78,79,80,81,82,83,84,85,86,87,88,89,90,91,92,93,94,95,96,97,98,99,100,101,102,103,104,105,106,107,108,109,110,111,112,113,114,115,116,117,118,119,120,121,122,123,124,125,126,127,128,129,130,131,132,133,134,135,136,137,138,139,140,141,142,143,144,145,146,147,148,149,150,151,152,153,154,155,156,157,158,159,160,161,162,163,164,165,166,167,168,169,170,171,172,173,174,175,176,177,178,179,180,181,182,183,184,185,186,187,188,189,190,191,192,193,194,195,196,197,198,199,200,201,202,203,204,205,206,207,208,209,210,211,212,213,214,215,216,217,218,219,220,221,222,223,224,225,226,227,228,229,230,231,232,233,234,235,236,237,238,239,240,241,242,243,244,245,246,247,248,249,250,251,252,253,254,255,256,257,258,259,260,261,262,263,264,265,266,267,268,269,270,271,272,273,274,275,276,277,278,279,280,281,282,283,284,285,286,287,288,289,290,291,292,293,294,295,296,297,298,299,300,301,302,303,304,305,306,307,308,309,310,311,312,313,314,315,316,317,318,319,320,321,322,323,324,325,326,327,328,329,330,331,332,333,334,335,336,337,338,339,340,341,342,343,344
banana,mermaid,9.086792e-15,2.2908266e-12,8.077433e-14,6.8172356e-13,3.3916056e-13,2.5266524e-23,1.0627094e-23,1.4420135e-06,4.5602253e-16,0.0001335764,2.2105824e-06,5.8595257e-19,7.955481e-14,1.0847282e-23,2.153542e-21,1.2037706e-24,1.2375767e-13,5.2377278e-08,1.6081621e-12,3.2659476e-12,2.925447e-25,7.4476335e-16,0.09730898,3.4817208e-11,5.2851345e-08,3.7700725e-25,3.2738483e-09,4.2123233e-17,2.6374878e-21,1.8319989e-16,4.3192906e-19,7.999658e-09,4.1395763e-23,1.3211093e-18,1.3259326e-08,1.858811e-10,6.196965e-21,9.058283e-13,1.9934723e-13,6.557515e-15,5.2221153e-12,6.7663307e-19,3.032945e-18,1.0844568e-05,7.773871e-19,5.5760298e-05,3.6768337e-15,2.2140696e-12,2.0077441e-20,7.3934316e-22,1.5770454e-12,4.1587075e-10,1.579256e-18,4.6592636e-14,1.4887846e-17,7.326785e-20,1.8157083e-12,3.9260006e-18,4.311802e-18,3.0278086e-13,0.0,3.427849e-32,5.6612863e-14,4.1103544e-31,3.8770458e-28,6.638324e-25,8.0819434e-19,2.7236846e-12,9.208095e-20,2.938821e-20,4.6019376e-24,5.542429e-16,9.537866e-20,9.337546e-15,1.0927231e-08,1.07332055e-19,1.0657496e-24,2.035205e-26,8.023367e-18,6.7470155e-22,4.0858637e-28,1.6110058e-11,2.1525706e-23,6.948369e-16,8.758345e-21,3.4343951e-16,2.4060528e-22,1.4037223e-14,7.0841537e-13,7.643577e-18,3.5672183e-15,4.1744524e-13,5.060565e-10,3.247982e-12,6.880363e-11,2.9056116e-21,0.0,9.3512884e-26,1.095052e-22,6.6413828e-12,5.746604e-13,3.132151e-08,1.1738156e-15,1.2500417e-12,4.069791e-15,3.1607517e-09,7.2148346e-08,6.320367e-22,8.935429e-18,1.8643377e-08,1.415574e-14,5.5630147e-32,2.6757397e-24,4.7992787e-32,8.76992e-12,9.49275e-12,1.172064e-11,5.998851e-10,1.7356929e-16,3.2278577e-29,2.2517786e-11,5.7702823e-06,7.0737486e-23,2.2028743e-11,1.1357879e-09,1.14613674e-11,0.00022276845,9.8467214e-11,5.155872e-09,2.9913266e-11,7.223476e-17,3.3740993e-10,2.2867754e-12,1.1723776e-25,2.1758888e-12,1.3910402e-15,2.5551926e-12,4.227584e-17,4.61285e-25,6.2026874e-14,6.427417e-16,1.3050619e-16,2.5955549e-08,3.4413982e-16,1.0486182e-17,1.1871859e-07,4.0168643e-11,1.50248e-06,1.5200137e-10,3.2529045e-27,3.5516344e-13,6.176241e-07,1.0780821e-24,9.819214e-21,2.0706187e-17,7.0724676e-19,1.1519457e-24,4.4963024e-13,5.1588194e-18,3.9439493e-20,7.3188217e-28,1.3499497e-17,1.0735414e-12,4.35241e-31,6.246385e-19,1.1667354e-15,6.787366e-14,3.2732515e-30,8.337571e-11,2.7020177e-17,1.33985e-14,1.0037451e-09,3.6910663e-09,8.506326e-12,4.0735628e-16,1.8755598e-14,1.2183475e-14,4.5753386e-06,1.4296103e-10,6.959427e-17,1.4919057e-32,3.011323e-07,1.4537736e-12,3.2000518e-29,5.2693883e-17,8.209883e-09,3.6148534e-12,9.031083e-08,0.00023169379,1.6927844e-16,7.5839594e-08,0.0,4.8105434e-05,0.90191686,1.0055376e-11,1.1019406e-08,5.315994e-29,8.6906005e-10,9.4404714e-17,1.5863597e-14,8.9137496e-24,3.0019738e-08,3.1428997e-15,7.234146e-25,2.7515503e-17,1.2715744e-11,2.479641e-19,9.633798e-24,7.656334e-17,5.334536e-16,1.2411892e-20,2.447239e-12,8.780044e-31,2.5049485e-12,1.8540076e-12,3.9097875e-24,1.792287e-08,8.848466e-09,1.3669862e-05,5.1892876e-13,4.1842253e-28,2.4045767e-21,1.1371977e-15,1.4972601e-31,1.5068484e-28,4.7316518e-18,6.213911e-07,2.0405727e-15,2.1966603e-15,1.1690068e-31,9.224012e-07,5.1072163e-21,1.3549185e-16,6.603668e-11,4.3893036e-18,3.7639295e-21,8.138707e-06,7.1328863e-12,2.260651e-12,9.777941e-30,1.5674837e-21,2.3405296e-06,1.7808324e-21,5.9081665e-18,1.3798589e-20,2.8407836e-36,6.998953e-20,3.7797796e-09,1.9631654e-13,9.58972e-10,3.6718364e-19,1.0937693e-09,6.4157546e-09,2.399442e-09,5.019728e-10,6.671287e-14,2.6795503e-16,6.613531e-17,2.430711e-23,1.2040247e-14,8.523029e-10,1.0441781e-12,1.997751e-20,1.3263043e-12,5.735716e-14,2.4200796e-31,6.8072363e-19,6.010377e-16,1.7753844e-15,1.6945047e-14,2.7264024e-16,5.4791693e-10,2.3346955e-08,1.7686958e-11,8.980438e-17,1.2076595e-05,0.0,1.0096721e-06,1.2474199e-30,1.0857204e-18,1.6342943e-23,1.1473383e-21,9.829655e-24,4.3059445e-06,2.4880972e-08,4.840008e-22,3.0296817e-27,1.8643945e-08,7.5882544e-20,1.1154065e-15,3.5856046e-10,4.1256422e-07,6.449881e-19,6.6802016e-21,6.277814e-14,9.986035e-12,2.6341162e-31,1.0012855e-10,3.7196462e-32,1.780886e-07,4.712378e-18,1.9111793e-23,1.741203e-17,5.23726e-11,7.517478e-24,7.538218e-22,3.5055552e-23,5.448284e-24,6.2154507e-15,2.2675242e-21,2.9946802e-13,4.8852684e-22,5.12939e-16,8.36936e-29,5.330657e-06,5.3948407e-10,8.005022e-11,1.0004107e-11,2.4707156e-06,2.0068864e-20,2.7451549e-17,1.960544e-15,3.8478008e-27,2.7559413e-17,9.676864e-07,2.8254173e-20,3.7402767e-25,1.4522864e-07,1.5850342e-15,2.3243517e-08,1.2476858e-16,3.5240374e-12,6.1385425e-22,2.7522304e-11,8.908234e-26,2.0300334e-11,2.8390809e-30,6.681523e-07,2.0786007e-20,2.5735948e-18,2.3954898e-25,1.0046621e-06,4.732167e-14,1.648143e-23,5.354987e-08
house,barn,1.778977e-11,5.8757654e-10,3.0879662e-06,4.4356547e-08,3.741183e-09,4.7284277e-11,1.3229328e-09,3.8969349e-13,1.5215301e-10,9.0686676e-13,4.8569517e-09,2.0079439e-07,4.931081e-11,0.7254252,2.5677658e-09,5.4350936e-15,1.301572e-11,7.618955e-12,1.1402745e-08,2.3375486e-17,3.9380518e-10,5.745982e-11,1.9076144e-14,2.3111294e-07,3.37757e-09,1.0013241e-12,1.7328616e-11,6.1663906e-13,1.3379093e-09,6.579747e-16,2.484861e-12,1.04907905e-11,4.1686578e-17,1.4834177e-10,1.6001252e-10,1.5516934e-10,2.4715298e-06,6.6295014e-10,9.999476e-10,8.819439e-07,7.7653217e-10,1.1454664e-09,8.7742825e-12,1.3540387e-06,4.6604636e-13,3.534424e-11,1.9320665e-15,3.53238e-16,1.874949e-12,2.564482e-05,1.1829544e-10,1.6106836e-17,1.6820516e-14,2.0939465e-06,3.2568062e-13,5.3822063e-10,7.1515434e-09,1.8477264e-12,0.030138975,6.5231642e-09,7.1928857e-16,2.5053127e-14,2.391641e-09,8.989499e-17,7.9842224e-29,5.706557e-10,4.4994658e-13,1.2087096e-09,2.3374154e-09,9.597786e-10,1.9106655e-07,2.2061133e-05,1.5483479e-16,8.785104e-11,3.899867e-12,1.1961797e-14,6.5745417e-12,9.338597e-14,2.4105254e-11,8.290869e-10,6.319768e-09,1.8655551e-10,2.1986344e-14,1.4277437e-09,1.3092433e-07,2.295096e-14,1.2007032e-18,8.897986e-12,6.662539e-09,6.581421e-11,4.905859e-13,2.8577347e-12,1.3710306e-12,1.1078657e-05,1.5186191e-10,6.867622e-13,2.950736e-10,2.7761217e-08,6.8786217e-09,1.1998158e-09,6.4000026e-15,9.960471e-14,2.1285123e-06,1.0984298e-07,9.8938e-11,9.7902316e-08,7.552231e-11,8.800911e-09,7.658738e-10,1.2190412e-15,1.5516061e-08,1.2845497e-11,3.0431208e-13,8.877593e-08,9.433211e-10,1.30997905e-05,2.2606308e-10,2.305214e-13,4.31946e-12,1.2346129e-05,3.3192726e-10,1.4660884e-13,4.4641393e-15,1.1504805e-09,1.3809062e-16,8.2672286e-14,1.8111842e-07,2.4517038e-16,3.5153805e-13,9.23128e-06,4.7975085e-10,5.5376853e-07,5.0100386e-09,5.137375e-13,4.7515804e-15,2.009616e-13,4.6087759e-10,8.648103e-13,2.1787613e-16,2.0634917e-11,6.78902e-10,1.8462145e-09,6.9345403e-13,1.9519391e-11,3.0673455e-09,3.2183174e-09,1.7669939e-09,2.9305208e-11,2.9524523e-07,0.21083312,3.3139024e-06,4.1483966e-11,1.4396697e-12,4.4796678e-13,2.0201722e-10,0.00022790027,3.15394e-16,9.190349e-13,8.388371e-11,1.7591478e-06,4.048802e-06,0.012477822,1.5167681e-23,3.481097e-06,2.1537695e-11,1.9570926e-17,8.522914e-17,1.1027483e-10,3.464608e-11,2.1348322e-12,6.415674e-14,6.374237e-11,7.322658e-13,3.856033e-13,5.562127e-11,6.629151e-09,1.4709112e-06,9.99959e-10,3.6428787e-11,4.1620782e-10,6.530642e-14,1.5613906e-09,3.993711e-09,2.5973851e-20,3.0036045e-08,3.39793e-13,6.1328945e-12,6.285701e-08,1.2253366e-13,3.2757782e-08,8.040696e-09,1.11143915e-11,2.8229252e-10,3.2276176e-13,1.0898439e-08,7.983487e-15,4.4963582e-14,2.9550956e-10,1.1942307e-10,1.669613e-12,1.1825231e-07,1.9622782e-12,1.1503898e-14,9.956769e-10,1.7152944e-12,1.4207012e-11,4.289498e-10,1.472132e-10,1.0718761e-07,9.656965e-07,1.1604299e-07,1.830656e-13,3.3546287e-06,2.363717e-07,8.9291606e-13,1.7670285e-08,1.635595e-14,4.5928093e-08,1.4743807e-09,3.3637127e-07,1.1523681e-11,3.672942e-15,5.2589546e-09,9.641559e-11,1.8069908e-12,1.5666555e-13,4.8318646e-13,2.7402092e-10,7.276966e-12,2.2746616e-10,2.141099e-09,5.2087784e-10,4.3697197e-15,1.0927168e-07,1.7940534e-09,1.1813343e-12,2.4042072e-11,9.841082e-15,4.1478456e-17,2.4491027e-18,7.687624e-11,2.4620783e-09,8.375051e-08,1.7387112e-08,1.19817445e-08,1.1905711e-14,1.1137898e-12,7.3563924e-14,1.6200858e-11,1.3154911e-07,6.3554336e-07,1.3989268e-10,9.270473e-09,4.0426937e-12,3.0678113e-18,4.099522e-17,2.0252696e-13,1.9557342e-17,4.8212094e-11,9.022441e-18,5.4267764e-11,1.2068752e-10,4.623422e-12,2.8470126e-15,1.1124481e-12,8.316358e-05,2.9224322e-15,5.3737456e-13,2.973957e-11,1.3094175e-08,9.66815e-11,2.590359e-13,6.0002807e-09,9.235937e-12,1.6434529e-11,3.0504065e-14,1.8725217e-09,1.5890891e-12,5.9665962e-15,1.3344427e-10,4.1305844e-11,3.6399253e-08,3.1197522e-09,1.1220189e-07,2.2153648e-20,3.1817e-22,8.10048e-10,3.022186e-10,2.0932783e-11,2.2844195e-09,1.7857157e-10,8.1622646e-11,1.3372681e-14,1.9526584e-14,7.55024e-12,2.295309e-19,7.2109134e-07,6.9049007e-12,8.0788126e-11,2.402532e-09,9.862805e-15,1.5996581e-14,1.7376219e-10,4.2962075e-12,7.4978945e-10,0.0012144443,2.7286517e-10,1.620265e-11,8.831455e-15,1.2677059e-12,1.6740517e-12,2.0750227e-05,8.0660983e-10,2.8129238e-13,2.483506e-12,4.959201e-21,4.1470862e-17,1.07848385e-14,1.7457379e-06,6.3754875e-08,0.019435,3.345614e-09,1.1805402e-14,1.2050281e-14,2.2570732e-09,2.9445786e-07,3.4283778e-09,1.2508946e-09,1.716241e-22,9.772707e-13,3.2013383e-14,1.0506435e-06,3.5869075e-11,1.3079015e-13,2.8369425e-14,1.3979165e-13,9.0123856e-13,4.651563e-14,2.3391472e-08,3.432368e-17,1.2813874e-12,1.1170959e-05,1.4315394e-09,1.3301299e-07,3.3757487e-12
banana,banana,9.434282e-16,1.3582736e-13,2.0100102e-14,9.9353186e-17,4.4843915e-15,2.3043761e-27,6.004743e-29,2.4550265e-05,5.362658e-13,1.4663852e-09,0.020532664,6.8477406e-17,1.3746994e-12,2.1341906e-22,5.144311e-12,5.881757e-28,5.640606e-16,9.530539e-08,8.996732e-15,6.43684e-15,6.015505e-26,3.9447197e-18,0.6015467,1.01709354e-07,1.0314264e-12,8.982137e-27,7.498347e-23,1.2708949e-19,5.7735838e-21,1.5202993e-15,1.5754491e-30,3.9468773e-08,2.95686e-33,3.2231146e-17,1.0913652e-07,5.9713116e-11,1.05310495e-22,5.0674226e-17,2.8123267e-22,3.3639547e-12,4.465365e-12,2.51219e-21,3.3424473e-15,3.1778788e-11,2.0088608e-21,8.716832e-09,6.2464195e-15,6.81813e-17,3.6575992e-29,6.509121e-28,3.1493098e-21,1.1828288e-13,1.4686155e-21,1.5590369e-24,7.242667e-20,4.6279536e-25,1.6906993e-16,7.981218e-23,1.3342998e-22,1.1672116e-22,1.2263888e-32,1.4731804e-32,7.947988e-21,0.0,6.1303466e-23,9.5160867e-29,1.3444117e-21,3.6594636e-17,7.6165607e-19,8.588921e-33,3.4386188e-29,7.663052e-32,3.1002105e-22,9.168768e-12,9.67365e-07,5.555172e-15,2.4018174e-28,8.6850004e-24,7.068632e-20,1.103793e-35,0.0,2.0113841e-13,4.5655595e-27,1.7173112e-23,8.660754e-23,1.9628282e-20,5.7296033e-25,1.3655723e-14,2.126374e-06,4.5206034e-20,1.0478997e-14,1.6265338e-13,5.276727e-10,1.7243782e-19,2.182749e-10,4.404809e-22,7.1134164e-38,8.580038e-20,9.607796e-27,1.1327746e-19,2.6319774e-15,1.4120822e-09,2.866374e-29,3.665032e-20,5.7371692e-18,0.00038117013,1.2181392e-12,1.18340945e-23,4.9095787e-27,1.20210225e-05,3.0234802e-20,7.516078e-22,2.6862393e-26,6.8445367e-37,1.33792005e-20,2.0916571e-16,8.2952013e-22,6.8765126e-16,2.6648082e-17,4.3122703e-29,1.2155398e-12,1.8432647e-07,1.9005916e-17,2.033752e-12,1.4087698e-14,6.4135145e-20,0.0002655642,4.922278e-33,2.0797268e-12,8.75445e-10,1.4250667e-13,2.8277094e-15,1.7942679e-18,5.9609754e-27,1.619679e-14,3.5007266e-25,9.878341e-22,1.358215e-23,5.752581e-31,8.437275e-31,8.2082855e-16,3.8106893e-16,1.3660489e-18,1.8897748e-26,5.259807e-17,3.6210097e-11,1.1302734e-15,1.5046355e-07,3.9861013e-13,2.847519e-22,9.996568e-16,1.2088096e-08,1.3439765e-20,1.9818444e-24,1.1827478e-20,2.933023e-17,5.0614554e-16,8.610518e-08,1.3055754e-07,1.1855036e-27,4.452942e-37,3.264543e-17,3.218672e-29,6.595446e-30,1.26156024e-23,9.3122133e-23,1.3155311e-34,6.604501e-25,1.270288e-13,1.0699536e-23,3.899003e-09,4.0874704e-12,1.122609e-20,0.1719179,7.9222665e-19,9.363018e-21,8.516968e-13,6.2772114e-07,5.423068e-09,1.4911819e-18,2.0236293e-35,1.5988594e-10,7.367859e-16,4.171557e-19,3.716241e-17,2.3438346e-21,6.429051e-18,7.960147e-08,1.150914e-15,4.2305113e-13,6.8196147e-09,0.0,0.07098366,5.708183e-09,0.0004326215,3.035207e-14,4.2108653e-22,9.976441e-11,7.3956797e-16,1.6250066e-15,4.578335e-23,8.2768685e-22,6.4226435e-21,8.631328e-32,3.3799719e-18,1.2453177e-08,2.1643521e-16,3.0428097e-23,8.3608275e-24,5.55866e-11,3.189582e-29,1.8860841e-07,3.5506687e-22,3.1882113e-19,4.8109223e-07,9.330624e-25,5.143407e-05,4.9790036e-05,2.315679e-07,3.3199917e-16,3.1049425e-31,2.9664367e-28,2.781204e-16,2.1725688e-36,3.6042227e-27,4.5241137e-24,5.4310467e-06,5.657433e-17,2.4290897e-14,1.069532e-33,1.670907e-08,2.0005487e-13,4.2141105e-15,9.174456e-15,6.513873e-18,1.6270399e-24,5.3993707e-09,4.0949262e-14,1.0228954e-06,0.0,1.7570345e-26,9.685259e-19,1.2759258e-14,2.572277e-12,5.373619e-26,1.1765206e-34,1.029691e-15,9.650073e-12,1.9676433e-18,8.0412185e-13,1.1815212e-20,1.6578081e-09,4.1129914e-07,9.329115e-13,1.7505772e-20,7.7775755e-19,1.047641e-27,1.9743159e-22,4.4358024e-29,5.0206176e-21,4.3972967e-18,0.0001975464,7.109482e-23,3.5011636e-12,2.0020144e-13,4.6280145e-29,5.543663e-20,1.7930697e-19,2.588911e-14,1.6192362e-19,3.4630624e-30,1.643019e-17,6.161115e-05,4.375039e-20,6.6007562e-15,3.1098066e-06,3.4061374e-29,0.014722253,3.9232475e-24,2.8318019e-14,4.7980383e-22,6.495713e-32,1.3506426e-35,3.2314674e-06,1.1102629e-12,6.524668e-25,6.861878e-27,1.1213526e-09,7.4353075e-17,1.0381856e-17,2.176999e-06,0.07914692,1.9650353e-23,2.5820597e-34,1.613904e-09,9.256557e-19,5.1189097e-24,2.6711502e-16,1.2579756e-30,9.207334e-17,2.5250425e-23,3.6309318e-31,7.219922e-24,3.0740427e-15,6.6638967e-10,4.6358998e-27,6.823329e-26,3.175965e-18,3.970487e-12,1.7503333e-24,1.4161208e-19,5.434798e-21,5.89834e-35,1.4275361e-29,1.6451186e-11,1.5846046e-15,3.96723e-13,9.7981206e-11,1.5563008e-05,2.3492617e-19,1.8775459e-10,1.1054406e-20,5.681014e-29,5.67498e-26,2.0337143e-11,4.309168e-19,1.4989977e-30,0.00015895112,1.5564338e-17,5.5307586e-12,2.8778735e-17,1.1726083e-05,2.5939223e-22,1.2501387e-09,1.4358653e-21,7.4394375e-05,1.6844866e-24,0.039391577,2.3638074e-26,1.7007624e-11,9.1116615e-33,8.7477264e-13,2.9318076e-07,1.1706112e-34,2.5263935e-14
banana,bush,2.8614812e-07,0.0017014133,2.650164e-08,0.026273126,0.0002077105,0.00084023894,2.860957e-15,3.3916663e-09,1.0895046e-11,0.00079552835,1.3134056e-05,6.4682836e-06,3.0050678e-09,4.6478686e-07,2.935035e-13,2.3991552e-05,5.0455986e-07,1.5415593e-06,0.011284509,3.6943568e-06,4.310464e-07,0.0003799539,1.4529221e-10,6.0034025e-05,0.0038378965,9.724795e-14,0.0069346232,2.1058337e-12,9.5373695e-11,0.00092495064,0.00445887,3.915918e-05,1.6286426e-10,6.5400623e-06,6.1968035e-06,0.00027130992,1.4167893e-08,0.0026192854,0.0015427913,9.627798e-05,2.6534025e-07,1.0577929e-06,5.580627e-06,6.113754e-06,2.3110205e-08,1.1103969e-09,5.363732e-11,7.828744e-06,1.0755383e-12,9.1216425e-05,0.032010622,2.9738116e-08,1.9878712e-11,0.0010111697,0.13127421,3.159422e-05,0.24822015,1.5826794e-07,2.8364e-06,0.018329147,1.7090336e-22,2.9118346e-16,0.04358608,3.673142e-11,1.2462395e-10,2.1793303e-11,0.00052806945,1.904437e-05,3.724725e-13,8.367923e-08,3.06692e-10,0.006005928,1.5256903e-10,0.0047688927,6.7018505e-06,2.5686708e-12,1.6261309e-07,2.010942e-12,0.025591576,0.00040051606,6.0001094e-11,5.219105e-07,2.8175531e-11,0.0058583696,1.4844193e-09,0.0002872192,3.761637e-05,8.8208646e-10,7.547978e-07,0.00092314935,7.264415e-07,6.922527e-08,3.7027232e-06,0.00095852936,4.6262173e-07,6.4445113e-15,1.00808915e-17,2.0222535e-09,1.8535771e-05,0.019590478,1.4459962e-07,2.4979265e-05,7.018283e-06,4.160718e-06,8.552574e-10,5.288367e-07,0.00027882133,7.235479e-09,4.6123012e-05,7.275587e-08,6.4056444e-06,3.2362766e-09,4.880203e-08,8.556708e-05,2.3953223e-06,2.5715526e-05,9.71556e-07,1.898392e-08,4.1122757e-06,0.00102577,1.3528597e-07,4.8452992e-05,9.20461e-08,0.0020845516,9.058721e-09,2.4095879e-09,3.5574005e-05,1.2908887e-06,7.275591e-07,1.6299557e-08,1.4469358e-05,0.005165577,0.08313318,3.010291e-07,1.4543226e-06,3.4233324e-08,4.1972535e-07,0.0002948875,1.783318e-10,5.521839e-07,1.6950095e-07,8.503719e-08,0.056195606,0.00021350835,2.2476179e-11,2.7809966e-07,5.1081963e-05,0.0004250658,6.857035e-07,9.605945e-10,8.3538254e-08,7.0049716e-11,5.3955707e-15,1.9965542e-07,2.5395348e-08,1.6404367e-06,4.4690987e-13,4.9697455e-06,1.8473473e-09,2.6975133e-06,4.3693316e-08,1.6686434e-05,6.883435e-12,1.4991436e-13,2.4070237e-10,1.3942214e-10,3.2118683e-06,1.4524117e-11,4.4553122e-05,5.5653482e-11,2.2316648e-13,9.25456e-10,3.1561422e-07,3.519887e-05,4.03578e-08,0.00084689684,6.705986e-08,4.315797e-06,0.0009748615,7.9648115e-13,9.071415e-16,0.000548128,0.014979286,1.84133e-11,1.2147461e-08,0.003503681,0.0019432603,8.047391e-06,3.4343407e-11,1.0600095e-08,0.00044567251,3.728696e-18,5.1312395e-06,3.5316233e-08,7.637883e-07,4.436927e-05,0.0004710186,1.4558697e-08,2.381208e-08,0.00026295357,2.5538057e-08,0.0001800556,2.09584e-05,1.1618579e-10,2.8417443e-10,0.00012897875,2.9509941e-09,0.00039706283,3.288509e-08,0.0002348995,2.5661102e-08,1.1170522e-05,1.211784e-08,4.7967796e-07,1.3188123e-13,3.1334075e-08,0.00025312413,1.174615e-05,0.006388182,1.9808486e-09,3.2369383e-12,6.3094103e-07,1.3285561e-08,2.8276133e-16,1.3155503e-07,2.958295e-11,2.1856672e-10,6.047597e-07,0.0005348162,1.763924e-21,2.198039e-05,4.142657e-09,8.870346e-07,6.153055e-08,0.0025368398,3.3724543e-10,7.120373e-08,2.6085438e-05,0.00041910363,3.8175844e-11,4.5342272e-08,0.04219547,9.448673e-06,1.8009225e-09,0.0015441808,2.2845366e-19,6.341224e-11,5.393583e-12,0.00023018222,1.1320444e-06,7.320001e-05,2.0758739e-07,4.7624886e-05,9.3574874e-07,1.4613559e-08,3.2456637e-07,1.3694648e-07,3.203497e-07,1.0752762e-11,4.3326345e-08,0.00029769161,0.000314689,0.00014644004,3.5626622e-09,3.0363555e-07,1.0538764e-09,3.542993e-11,3.9686576e-05,5.8349007e-05,0.00045840984,0.124873884,0.005412157,0.018468818,1.5506708e-07,5.5213883e-10,1.820668e-05,5.268149e-08,4.410576e-09,0.0005080351,4.483546e-05,2.6888232e-05,8.682259e-09,1.0886931e-06,8.989851e-06,5.7232104e-09,8.386593e-06,4.2117078e-13,1.7138469e-05,5.428798e-12,4.641602e-12,1.0491768e-06,0.00061845535,6.984817e-06,1.1728013e-06,7.900691e-05,2.391157e-08,1.0279074e-13,0.008375673,2.685957e-17,2.3173272e-05,2.7221662e-07,9.598789e-13,0.00021022547,7.772981e-05,4.3513027e-15,1.658923e-09,6.049238e-06,4.039765e-10,8.40731e-08,8.499772e-06,1.1209271e-07,1.4665449e-07,0.008972084,1.4953861e-12,1.730349e-05,3.3568032e-13,3.1465377e-14,6.438837e-07,2.3843734e-06,1.2042955e-08,3.9409658e-09,0.00019206417,1.7221552e-07,3.10424e-05,1.396567e-05,1.7945038e-09,1.4944599e-15,6.6626933e-07,8.6694584e-15,5.3942376e-06,1.00002794e-07,5.2334567e-08,4.7669434e-12,4.1918178e-05,1.6530788e-10,7.162625e-08,4.0279e-18,6.677167e-08,5.3678395e-06,2.3648184e-12,3.1507467e-11,7.579753e-05,2.988097e-06,1.2163384e-05,2.050595e-06
banana,parrot,5.4504134e-11,1.088442e-06,3.9038325e-11,6.5673007e-06,2.129661e-05,2.2177546e-10,5.1263102e-17,8.78373e-06,1.2367287e-16,0.00022810232,6.706943e-09,1.2923336e-08,5.2469204e-08,1.3737775e-09,6.196827e-10,8.236159e-09,1.8789382e-06,8.7410495e-05,0.00032525786,1.7377898e-10,4.544907e-14,0.00030241825,0.00028851337,1.9534361e-06,0.0004494757,9.0318025e-14,9.016823e-15,4.3409218e-05,1.9178346e-11,0.00029868298,8.2899817e-13,3.397032e-10,1.2878372e-13,9.4179505e-08,9.421041e-08,0.14875971,2.1458257e-11,1.30595215e-08,5.166577e-09,1.08645545e-05,1.897651e-07,5.911179e-11,1.3672756e-14,1.4824722e-06,1.2666668e-14,1.8287302e-07,5.617216e-09,0.00041123823,3.5291848e-20,1.7220467e-15,1.6191627e-09,0.00022728933,8.0613523e-07,2.0391718e-13,4.1684683e-11,1.7154788e-13,2.2349583e-05,3.4918487e-13,8.1600415e-09,1.9677876e-07,1.9486565e-15,6.8889777e-16,3.0126163e-08,8.843108e-20,3.7408857e-10,2.0947932e-16,2.0000093e-09,8.714049e-05,1.6987907e-10,2.721344e-20,3.736677e-18,2.1299158e-10,7.119388e-14,2.5168144e-11,6.615805e-06,2.97517e-14,5.27725e-16,2.306249e-18,2.0557516e-07,3.3586562e-12,6.4121765e-16,3.0610323e-12,1.844987e-14,2.7587078e-07,1.8158881e-10,4.5196096e-08,3.2864178e-10,3.703841e-09,0.000687723,9.804837e-12,1.10266726e-07,6.369678e-10,0.0013769246,3.9638047e-07,0.012444039,7.9039367e-19,2.7612578e-28,1.9223612e-11,2.1070114e-12,7.171372e-05,8.4988633e-10,0.00030119903,5.7651595e-10,2.4112572e-09,2.3451284e-07,0.010214811,8.387639e-05,8.229037e-15,3.0894346e-11,7.157041e-08,2.433875e-13,1.1504208e-16,2.4544162e-12,1.4278947e-21,6.9904943e-10,6.4433148e-09,8.244945e-13,8.3966615e-06,4.154509e-06,3.8355977e-15,5.345044e-07,5.343579e-06,2.2800639e-06,1.5339609e-05,3.3276115e-07,8.6509644e-10,0.0012067338,2.4522905e-13,0.00040324105,1.58878e-07,2.56874e-08,3.1135205e-05,2.5369088e-06,2.8620227e-14,7.544214e-09,4.560949e-09,6.0807648e-05,1.3565436e-12,4.6289287e-14,1.1967752e-13,1.5401149e-08,2.872742e-14,7.3087637e-07,4.6516866e-09,1.7360158e-08,1.0873126e-07,5.0139043e-10,3.8948283e-06,1.9293616e-12,2.5466178e-11,9.730081e-07,4.89452e-05,9.0796405e-08,5.066288e-13,2.6359558e-06,4.819907e-12,2.4755462e-11,9.724997e-07,2.4133345e-11,8.58235e-06,4.312624e-16,1.2158571e-07,1.5954278e-10,2.018999e-22,1.9339807e-13,4.0886986e-12,1.4096584e-10,5.5464518e-12,1.0485297e-08,1.4838934e-12,2.9503473e-09,6.249926e-05,1.6828023e-09,3.346156e-08,6.380984e-11,6.0474614e-10,1.4345666e-06,0.042488877,0.032224603,1.7176055e-07,3.1247083e-18,5.0086215e-05,4.0354513e-07,1.2883832e-12,4.0547842e-08,3.3715621e-09,1.2521489e-06,9.085512e-12,0.0012873968,3.8018135e-09,0.00033880223,1.8104267e-22,3.4418957e-07,0.041265134,0.004331795,4.6985974e-06,2.274969e-09,0.006483598,1.5929554e-14,1.9360598e-08,4.125306e-15,4.1520767e-10,1.3911807e-09,2.8999603e-14,4.461486e-09,3.4973513e-07,1.0093387e-08,5.959496e-11,1.027501e-07,2.1118863e-06,1.7469488e-10,9.021018e-08,1.8738842e-14,8.39207e-09,2.5917763e-05,2.6334276e-10,2.2293946e-08,7.0975366e-05,2.4516456e-05,1.1479241e-05,1.8373296e-16,2.860118e-18,1.0839063e-11,2.6384274e-16,1.8826091e-16,2.1650706e-14,0.00022015857,6.7444905e-13,3.6926454e-06,9.349644e-17,0.4521557,2.745921e-06,2.455203e-12,4.760986e-07,0.00019289131,8.558046e-09,5.8916246e-08,2.0551468e-08,5.4157736e-06,1.2919837e-23,5.7118286e-12,4.2638895e-10,1.817072e-11,0.00014609384,7.359083e-10,2.605152e-17,1.1251198e-06,6.0778166e-06,6.1443416e-08,8.2424585e-06,1.4767184e-09,0.0033294973,3.1098287e-05,0.0001279333,6.118227e-12,5.462712e-12,3.064504e-11,8.9638e-08,2.7241772e-14,1.1443517e-13,1.08066345e-07,3.5950148e-07,1.1333867e-05,1.1788357e-07,1.1786188e-09,1.0419113e-15,7.168322e-09,4.2121815e-06,3.936908e-06,4.618929e-06,1.5371943e-05,3.9038108e-07,0.00022953383,3.9106562e-05,4.3041467e-07,1.2322712e-05,1.0438482e-16,2.6032664e-08,4.7360466e-13,8.7851575e-09,1.6795718e-07,1.0566444e-16,4.627915e-17,0.0003118919,5.388564e-09,1.087577e-09,9.412997e-15,5.748418e-05,6.469608e-20,6.768445e-10,6.209591e-07,4.132194e-05,3.6345668e-12,2.5447175e-16,7.1344234e-06,2.5689446e-09,3.1318718e-16,8.265845e-08,6.9028073e-18,3.9394408e-09,3.4717132e-13,1.6803891e-18,3.3024573e-08,3.4292175e-10,4.2510592e-10,4.884212e-10,3.6316443e-11,2.1226325e-17,1.0492316e-05,2.5712623e-06,2.1336983e-09,3.0143734e-09,1.9719276e-15,1.5867815e-14,0.006166265,4.1060662e-11,7.1135015e-05,0.011962295,1.8783065e-07,1.1104282e-10,5.853248e-09,6.6300404e-10,9.879662e-20,2.552261e-09,4.3765038e-05,1.2976577e-10,8.7568425e-11,0.21577139,4.686903e-08,4.4422322e-07,6.5672623e-10,1.1649014e-08,1.07859515e-16,7.541024e-08,1.1262963e-21,1.601412e-07,7.465691e-15,0.0015228554,8.4020924e-10,2.9845884e-10,1.8215594e-14,0.00020559195,1.08175345e-05,7.906908e-15,1.9466628e-10
hat,nose,3.3447953e-10,2.3056518e-07,7.2184587e-13,5.9240045e-07,2.8554827e-09,7.5463987e-07,7.631628e-14,4.276941e-06,7.5068284e-16,1.6866974e-06,1.3248344e-12,6.1841643e-09,1.6349789e-12,4.966557e-09,2.528606e-06,1.6357987e-09,1.44455194e-08,4.0407504e-12,0.0013649206,7.4049775e-09,2.486024e-07,1.12244075e-10,1.6657278e-17,1.8897609e-06,6.5421277e-09,3.6051294e-08,5.8359893e-07,2.485752e-12,2.0065266e-15,0.0053680763,7.1952557e-13,8.284446e-11,1.7825252e-08,4.175752e-11,4.5118617e-11,4.957533e-07,0.00087448774,1.7961769e-08,1.046559e-14,1.7331444e-05,1.187137e-08,1.894549e-11,3.5517274e-09,0.00032126214,6.8985017e-12,1.66828e-07,7.4436434e-07,6.841454e-11,4.7498907e-09,1.8635447e-07,2.5016826e-07,3.1169926e-16,3.826552e-12,0.0017120724,2.592923e-10,0.0066383304,0.020980842,3.755146e-12,5.6677717e-08,8.763962e-08,7.296341e-19,4.152222e-21,1.0247472e-08,6.7783505e-12,1.5237204e-09,2.517779e-05,8.591591e-10,3.0603892e-10,2.270944e-08,5.0015405e-09,1.6081494e-15,3.9053842e-07,5.0097513e-09,3.3521604e-13,1.2213197e-11,1.9990348e-12,0.0030374993,4.2389754e-09,0.008882051,2.8138944e-17,1.9523038e-11,6.30287e-15,1.0505841e-12,4.2009706e-08,1.0985942e-05,1.1392185e-07,0.00010319319,5.793017e-10,8.515026e-07,2.1582894e-14,4.8935695e-09,2.3232164e-11,1.2199213e-06,1.0489318e-09,0.0022742269,1.8876422e-14,7.8468634e-07,3.3291864e-19,5.816819e-11,8.6957136e-11,0.0030566433,6.0805446e-06,2.3186857e-09,6.897209e-13,9.053743e-11,4.0162818e-06,4.4868125e-07,1.8675117e-11,8.431693e-08,2.1911617e-10,7.531739e-05,9.4822135e-23,9.802525e-08,3.631766e-10,5.135775e-10,7.209572e-05,4.8742555e-14,1.5496406e-10,5.0216333e-09,9.1788745e-09,2.999472e-07,3.5773526e-05,2.82252e-07,0.19240704,4.076892e-10,1.991381e-09,1.2143536e-07,1.28424475e-20,1.5730902e-09,0.00011018643,2.4203812e-06,0.00015212792,0.0005163391,1.43962525e-05,1.2868785e-12,8.290566e-14,8.505369e-18,9.817848e-12,1.833348e-11,1.5383817e-14,0.05883235,3.079387e-08,2.629524e-14,9.513036e-10,1.7279135e-08,3.7557657e-10,2.8918204e-10,3.7457435e-06,2.6202405e-15,1.1843461e-08,2.7665326e-08,2.2219858e-10,2.636872e-10,2.6363043e-06,1.8470737e-09,4.2092383e-05,1.5684636e-10,5.039087e-12,7.19738e-10,8.5487225e-12,3.6558043e-07,2.6829616e-07,2.9841067e-17,1.5691375e-13,7.1336847e-12,9.216634e-15,7.000711e-16,4.2693393e-16,2.53769e-13,6.522245e-16,1.0109304e-05,2.2581626e-05,3.790837e-06,1.0634725e-09,0.00037614978,3.697569e-16,0.00026997313,8.536943e-08,4.5369764e-10,4.6403068e-07,6.732063e-14,1.0041657e-05,1.3582812e-05,6.591542e-12,2.7228456e-05,8.372428e-16,3.043247e-06,9.913562e-10,1.3015091e-08,1.2978707e-07,1.8468298e-06,2.0438175e-21,3.6319894e-09,1.2081543e-12,4.7497007e-05,0.03814504,0.02251792,6.074821e-05,8.04693e-15,5.156326e-11,3.299198e-19,2.0997917e-15,2.4238409e-10,5.981294e-15,1.058282e-06,0.00019891767,2.6853907e-13,0.075161085,5.807394e-19,3.8492228e-08,3.0407283e-14,2.9508428e-06,1.912268e-16,1.270782e-09,5.852822e-07,2.9245706e-09,4.5404333e-05,0.5293776,5.7631944e-10,9.904779e-05,7.48013e-16,5.8535425e-05,1.4781276e-06,2.5820288e-23,2.0658928e-12,1.1378857e-21,1.9564962e-16,3.775165e-21,4.4743738e-05,2.9339904e-09,2.8336995e-05,8.4875595e-14,2.4019773e-05,5.3446847e-09,0.00112358,0.00021249363,2.9610787e-08,1.1415889e-08,2.8857985e-06,4.6430845e-08,6.298599e-05,1.35809055e-11,6.8464956e-10,8.961258e-08,0.016750565,1.4126146e-21,4.96744e-12,1.1241988e-08,1.1841591e-11,3.3804896e-05,3.3022563e-05,7.794863e-07,4.889635e-08,2.1136795e-07,4.850582e-09,2.0703559e-14,6.7235337e-09,6.4796875e-09,5.376783e-12,8.118654e-06,1.3528334e-09,0.0041303956,1.875861e-08,1.5710197e-11,7.596798e-15,4.493033e-13,3.9293327e-10,3.081517e-06,1.0716846e-13,4.0745327e-08,6.326517e-10,4.631515e-08,0.001014114,1.543736e-08,2.5548792e-08,2.968451e-09,1.3199084e-16,8.811569e-07,6.5845836e-11,4.5339707e-08,3.3548024e-09,4.2507212e-21,4.395908e-12,9.830132e-06,4.8725633e-07,1.4859351e-06,1.6235577e-17,1.1316171e-07,1.3874936e-19,8.997263e-07,2.1229236e-07,1.9851845e-09,3.0788214e-09,5.887227e-11,1.1003751e-08,1.8734207e-10,2.3505425e-08,1.03379484e-13,4.173946e-14,3.0545296e-13,2.2058079e-07,1.6546972e-15,3.0777217e-14,1.6423246e-11,1.4623399e-06,2.5024448e-08,2.4330714e-07,3.2528621e-10,2.9702763e-08,6.483174e-09,1.5813836e-06,2.6749593e-15,5.6172337e-15,5.319717e-20,3.089381e-05,1.2878453e-13,7.793531e-13,2.242977e-11,1.9026334e-09,2.4989021e-11,4.372693e-05,2.0059857e-05,0.00025827138,2.554086e-11,0.0026991353,2.3197196e-10,2.7641253e-17,1.2084952e-05,5.849332e-17,6.4306175e-07,1.2469067e-09,2.5245033e-11,2.091913e-11,6.487404e-09,1.1590252e-18,3.3865929e-06,2.6204377e-17,3.771248e-07,1.9306129e-17,2.6496072e-10,8.644735e-06,8.272214e-06,2.3938442e-06,5.8352603e-20,5.8046905e-12
fish,broccoli,5.068089e-16,2.5459178e-08,1.8642848e-13,7.040169e-05,7.296316e-10,8.2473234e-05,4.1973734e-19,8.8921155e-11,4.5474684e-13,4.999731e-07,5.6847483e-07,1.78506e-11,1.3749938e-06,1.0797605e-12,5.1298317e-21,4.250892e-09,1.9791317e-12,4.8935626e-11,0.000116521725,2.7137396e-13,7.6665275e-13,1.4577555e-06,3.1698314e-11,1.8519976e-09,0.0005693373,4.3304328e-18,0.00015084325,3.8897368e-17,2.4703263e-25,2.960994e-11,2.4286197e-07,6.508652e-07,4.0036807e-11,2.0445812e-06,1.13942676e-07,0.00011532774,1.1053061e-14,6.7818087e-06,0.33009014,3.3041206e-12,7.4143755e-12,4.9324214e-08,4.2426946e-09,4.5653196e-05,5.187297e-19,1.260968e-11,1.1906846e-13,1.3872579e-15,1.1024174e-14,8.802677e-11,2.664106e-05,5.637137e-13,1.6114644e-23,0.027905473,1.8398177e-07,1.4379766e-07,0.0016086617,8.312167e-20,1.2838933e-10,2.8129002e-06,1.9871347e-35,1.8429321e-34,7.188029e-08,1.2090795e-14,5.2589277e-18,2.0961886e-16,1.780187e-08,6.487235e-07,1.5382318e-25,3.3781575e-11,9.2760764e-20,2.2972516e-05,5.7817595e-16,2.5070865e-09,2.1291749e-08,1.2178284e-21,1.0861638e-12,7.741132e-23,0.00018906561,0.00014549571,1.1840485e-14,1.2223972e-09,2.8022588e-18,1.7583486e-06,8.722675e-14,3.1309623e-06,1.285839e-25,9.93842e-13,6.8658664e-12,3.1646168e-23,3.5161403e-07,2.9270817e-16,1.3344032e-07,0.0021468948,2.0606332e-13,5.7216694e-29,7.814231e-32,8.689419e-24,1.4071194e-11,0.00021232906,1.2579616e-09,7.6214116e-07,0.11359018,9.118882e-08,2.3319815e-09,2.8617385e-11,1.0376384e-06,1.1439465e-16,9.3163163e-07,1.02815624e-10,6.2440875e-09,2.0411517e-29,1.2351524e-15,5.609092e-16,3.097995e-05,3.0048436e-06,3.1776144e-12,1.6074201e-06,1.0425244e-10,1.0154218e-11,1.08854e-13,1.779417e-11,1.6975024e-13,4.6407228e-10,4.8983604e-12,1.0445079e-08,0.00016948897,1.9729026e-07,1.0674716e-09,1.9141359e-08,1.5621017e-05,0.0013894271,8.887114e-07,3.5810304e-09,1.3697021e-12,2.0886988e-11,1.9667926e-08,8.537473e-05,1.5437555e-20,3.4267295e-16,1.0212233e-15,1.09348176e-10,2.8855633e-08,2.1901665e-10,5.706912e-14,4.3775638e-13,0.00014342481,2.7744567e-09,2.0865804e-11,3.457191e-16,1.4884886e-12,9.564053e-16,5.6284516e-22,2.1855877e-07,1.2322628e-15,8.9616516e-11,8.319429e-28,1.30231615e-11,2.7491422e-15,4.2722576e-07,1.9851916e-16,1.9298196e-07,2.0664558e-08,3.2820523e-25,3.7683068e-10,9.1923563e-10,3.25515e-07,1.3606297e-28,4.0965092e-14,3.4052657e-17,5.875832e-17,2.591241e-10,9.739246e-05,3.0294217e-10,8.43528e-11,1.44272535e-05,2.2136278e-16,2.0809975e-06,0.009940329,9.921064e-22,2.3722302e-25,6.766459e-06,0.000946564,2.576837e-27,4.287129e-15,0.0019446698,4.678716e-07,4.0774967e-10,2.2202915e-09,4.8413926e-09,6.223738e-07,4.774651e-31,6.6031985e-10,1.785988e-09,1.15073775e-11,0.00025866667,1.4541188e-12,4.7677364e-08,1.2146785e-13,6.6293114e-13,4.1324787e-16,9.105504e-07,2.8283456e-10,1.3986346e-07,1.6484173e-20,4.0014905e-07,5.0767082e-20,1.2486986e-05,1.6775519e-07,5.958456e-13,5.7158686e-06,6.4197366e-21,8.718026e-12,5.609452e-10,2.8046237e-17,5.425632e-12,1.0499672e-11,1.512415e-10,2.4587018e-06,1.0006831e-10,8.8073755e-27,5.80535e-13,1.9939096e-26,2.4005708e-31,3.6367045e-30,1.7211667e-19,2.185524e-12,1.34966665e-11,2.5885883e-14,2.078696e-29,4.884737e-05,3.7471666e-16,3.725302e-09,1.8271786e-15,3.0511155e-06,9.876557e-12,1.2343099e-14,3.309108e-09,2.3764836e-13,4.8167668e-15,3.987629e-12,0.004629971,6.063115e-09,2.4598128e-18,0.08515466,1.3120967e-31,9.8787473e-26,5.985207e-11,0.000647392,9.34853e-08,9.500366e-12,4.014575e-16,1.6365425e-07,2.2422535e-07,1.7428983e-18,1.8408551e-16,5.040352e-13,1.2305553e-11,2.393841e-08,1.4406868e-25,8.23057e-13,8.52065e-13,9.760692e-08,1.0030908e-10,1.7738912e-21,2.3335096e-11,6.897203e-14,2.535951e-10,6.5472644e-10,5.8774363e-05,0.09839678,0.17222267,0.00057418144,3.398439e-10,1.7969776e-16,4.1388914e-05,1.9533646e-22,1.4471356e-19,8.007786e-09,1.311914e-12,5.2936313e-09,1.2165826e-16,1.3154925e-19,0.1052503,3.0638794e-11,2.2173273e-18,5.3617043e-20,2.8476436e-06,6.5842716e-21,3.8670494e-13,5.846286e-13,4.844316e-07,9.77378e-21,6.521114e-11,2.6062812e-09,8.999857e-17,2.9421182e-22,5.639415e-06,1.8111898e-15,2.2646579e-12,2.4124294e-10,3.144626e-17,0.040696193,5.4874577e-10,4.343623e-31,4.654075e-09,8.022883e-11,5.262599e-26,3.811372e-11,5.138789e-11,3.672231e-12,1.08228285e-07,2.1689455e-05,3.1285563e-25,4.9325835e-11,2.5011945e-15,1.3276436e-17,1.4623943e-07,1.412525e-10,4.379636e-20,6.1031424e-17,1.8076236e-05,1.6902195e-14,1.8552602e-06,3.3224464e-05,7.5422325e-12,1.1548562e-07,6.4927395e-12,5.2008945e-17,1.0498172e-07,2.0373207e-10,6.539835e-15,3.6744064e-25,5.568347e-10,5.720532e-15,5.733665e-14,4.389923e-35,1.3607075e-13,2.7254061e-09,3.765823e-09,3.1185323e-12,5.7181114e-07,2.5517102e-10,3.5471803e-07,9.807036e-10
bicycle,bicycle,4.8482705e-15,1.3705473e-10,4.819426e-17,1.8705935e-12,1.5732707e-11,1.8572564e-10,7.345507e-29,6.835746e-12,1.1074409e-15,3.787638e-11,9.669341e-15,1.8197347e-12,4.614951e-16,1.0866885e-11,1.1968207e-13,1.4889392e-13,2.966403e-11,2.2241751e-15,8.131609e-09,9.18262e-16,6.6053076e-08,2.0338278e-12,1.3673074e-17,1.543958e-13,3.277715e-11,1.3609857e-12,1.2710414e-08,2.019401e-13,2.7659203e-22,2.2787091e-12,2.625352e-11,2.8387313e-07,0.85905766,4.0804042e-07,6.5745034e-11,7.373915e-15,1.1155405e-09,1.4535716e-13,7.9180207e-25,4.2893656e-13,1.9074002e-12,1.6089338e-15,1.1188374e-12,1.00188795e-10,5.425106e-11,3.7029185e-15,1.5646506e-13,1.8921895e-11,1.2721253e-16,8.699474e-15,5.192475e-11,1.1960403e-13,6.252564e-19,8.606827e-09,1.38704e-12,2.288033e-20,3.967259e-12,2.860331e-14,1.0650568e-10,1.0064688e-15,1.6982107e-25,3.6975751e-19,9.19569e-13,7.2391856e-11,8.317661e-18,1.8973854e-16,5.3467027e-12,4.023999e-07,2.1923676e-22,9.896615e-09,1.9449226e-17,3.021014e-10,5.9282273e-15,1.9271788e-10,3.5670255e-14,3.228259e-26,1.092356e-06,9.112122e-18,5.707189e-12,1.2172569e-10,1.0009445e-10,4.0592615e-17,5.362279e-19,3.682146e-09,9.830688e-10,2.5924578e-13,1.6581638e-13,4.303155e-10,6.7748177e-12,1.6253823e-20,1.3222058e-12,1.8796243e-08,1.0238679e-11,4.3007056e-12,1.593742e-11,1.642235e-27,7.954723e-30,1.6005319e-19,1.1843446e-13,1.8291034e-11,1.7131829e-17,9.259059e-11,6.417769e-12,3.4381426e-07,2.5721779e-11,1.00671124e-10,1.1977032e-15,3.4624682e-13,4.9586126e-09,2.9838774e-17,3.8712597e-07,1.377147e-19,5.6424557e-07,1.4237551e-14,5.683632e-14,6.794229e-12,1.391996e-16,6.668941e-17,7.593045e-14,1.0651329e-12,1.9944825e-12,5.476563e-13,5.424793e-12,2.2557908e-15,1.180881e-15,7.490609e-15,5.4995195e-09,8.2883505e-21,1.3414696e-14,4.2569455e-12,8.119105e-12,1.37229605e-08,4.0389064e-12,4.4664118e-18,2.1102134e-15,4.7842117e-09,7.842122e-13,1.1464132e-07,1.2371591e-18,5.2910675e-16,1.6312269e-09,8.224229e-09,1.8122172e-17,6.245968e-13,4.5849953e-17,5.859047e-12,2.4010823e-13,8.478963e-14,7.6322235e-17,1.4795385e-19,1.8749208e-14,3.513548e-13,7.9875855e-17,4.679955e-26,3.4824357e-10,4.485098e-11,1.5591977e-18,3.106544e-13,4.3952213e-18,4.6995175e-11,1.8293596e-13,2.1649513e-10,5.388546e-34,1.7429976e-18,6.951158e-16,4.324642e-16,9.927192e-30,1.3433686e-19,7.541523e-13,1.1617424e-18,2.0407036e-14,1.4475684e-12,2.2113837e-11,3.4555144e-13,4.0921953e-15,5.6564026e-17,8.827655e-20,3.7020798e-14,1.0160975e-15,2.235423e-20,1.7920415e-16,9.261531e-11,2.9618167e-08,2.217116e-25,2.6179715e-11,2.46325e-17,2.0314406e-11,1.1821336e-12,1.867279e-15,2.283052e-11,5.2674197e-14,2.2377363e-19,3.6477914e-15,1.1465365e-13,3.8569807e-12,1.0690576e-11,7.319346e-16,9.198638e-13,6.4993917e-12,7.2666204e-14,7.411277e-16,1.6639815e-12,0.14090976,1.1344095e-28,3.4029926e-17,4.8896876e-12,6.959952e-20,1.1147009e-12,6.4517947e-22,2.5260054e-14,8.206461e-20,1.637134e-16,7.0384406e-15,2.7232758e-16,5.362405e-14,7.970811e-14,1.1779157e-12,1.6654039e-12,1.1431803e-09,3.08776e-16,1.8324726e-19,2.8189083e-07,1.423978e-14,3.9977974e-22,1.9286286e-09,1.6779902e-18,5.068994e-13,7.49891e-20,5.937527e-12,3.473142e-14,2.903206e-16,3.1696794e-11,3.2247254e-08,2.40109e-14,4.3197433e-13,2.461212e-13,2.0407836e-12,1.3845847e-08,2.627523e-17,3.89626e-11,1.3426635e-05,3.1132617e-11,7.2365786e-14,4.7327593e-13,1.5757811e-15,1.3665311e-16,2.7620066e-16,4.0863016e-10,1.2865079e-11,2.3802385e-10,2.3602997e-15,1.3040399e-09,9.915651e-11,2.0675117e-12,1.3501411e-17,7.53054e-17,3.6914503e-16,1.5942735e-08,8.600729e-19,3.0223822e-16,4.4224173e-14,2.0133793e-12,5.068983e-10,3.0157016e-13,1.7421028e-15,2.7416645e-11,1.0168533e-12,7.272895e-12,1.2264476e-11,3.0789971e-12,2.5980834e-15,1.1973288e-11,2.1840108e-12,9.379572e-15,8.5215384e-14,5.9397262e-15,2.3703386e-18,3.8096742e-13,7.636222e-11,2.1103636e-14,6.668618e-11,1.3770705e-12,3.9976964e-08,2.0247506e-09,3.8393342e-13,7.618033e-12,8.710785e-14,1.988792e-12,2.6679323e-18,4.1245395e-24,1.576381e-13,2.671989e-12,4.7455506e-09,1.8181668e-23,2.4588018e-12,3.4625757e-12,1.7980394e-13,1.2257629e-14,1.6073672e-14,2.6270264e-10,1.4782714e-05,5.0665837e-22,7.502957e-24,8.583727e-13,6.2019863e-20,1.8053875e-12,3.5171623e-09,2.0001281e-16,3.255703e-14,4.285209e-14,3.258599e-17,7.3648625e-15,1.722022e-13,9.038798e-18,2.389431e-14,2.4189896e-18,5.6461226e-16,9.5975675e-12,6.50542e-12,1.7528203e-13,4.6014863e-12,2.5567702e-11,7.923301e-08,1.2952731e-11,6.460167e-11,1.1332492e-11,2.5796252e-23,5.8720025e-12,3.0887798e-19,1.4768938e-08,9.1366074e-11,1.6396091e-16,7.5575434e-22,3.7942735e-12,1.7312249e-15,7.9166715e-15,4.316487e-22,1.47798e-10,5.546279e-17,1.9767956e-16,3.2249943e-09,7.2556974e-09,1.4234567e-14,1.0825952e-13,9.611297e-14
bicycle,bicycle,7.5521017e-25,5.3666165e-16,2.7693175e-28,9.923022e-13,1.2752473e-16,2.629147e-14,0.0,5.690983e-16,4.208545e-32,8.438769e-12,3.4508004e-20,1.0795211e-17,7.5413424e-23,4.0088134e-16,1.9362475e-28,3.9645468e-22,3.2558663e-21,1.9499778e-33,6.1125367e-12,1.41541e-30,1.8634642e-05,8.929084e-18,1.7044765e-26,6.6446726e-19,1.7358026e-10,1.7527668e-21,5.554365e-07,1.5310783e-21,0.0,2.7046677e-23,2.9166756e-17,5.1100657e-10,0.73846245,3.2115695e-06,1.3615342e-08,7.610551e-17,9.224669e-15,1.1132923e-16,0.0,8.097763e-20,1.269931e-17,3.379851e-27,1.1444295e-15,2.5528576e-15,2.1462813e-29,8.672786e-15,3.2631342e-17,1.8181982e-16,0.0,1.087992e-32,1.6283113e-17,4.860356e-22,4.4246875e-33,4.8835478e-08,1.8042907e-15,0.0,4.5607385e-18,6.4301396e-29,3.2863017e-20,9.593519e-17,0.0,1.8594206e-31,6.399771e-14,3.6952782e-15,9.167666e-37,9.7791245e-30,2.4818391e-15,0.00016877122,1.4466278e-38,3.7505128e-05,2.0668345e-34,4.081794e-13,4.27264e-30,5.681989e-13,1.2845169e-19,0.0,0.0010803279,2.2627356e-28,2.9518927e-15,8.257456e-10,9.7502275e-21,7.3334296e-36,2.5068958e-35,6.674327e-09,1.3147777e-19,1.2153359e-18,1.2666266e-32,1.8171525e-22,3.1855544e-22,0.0,6.109382e-22,7.573788e-20,8.082585e-11,4.828452e-10,1.713439e-20,0.0,0.0,2.7336295e-37,4.9280042e-26,4.333592e-13,1.7747648e-32,8.930932e-16,3.0283995e-10,7.723342e-13,3.4857425e-12,1.7379216e-19,1.2702479e-14,1.7109719e-18,5.883843e-12,0.0,4.4896975e-14,0.0,2.3422346e-05,0.0,6.147723e-22,9.329444e-25,0.0,1.5166387e-21,4.6822967e-22,3.5488025e-12,9.165393e-22,3.083048e-15,1.2340161e-21,1.9683878e-23,1.4661684e-21,2.2700719e-24,7.719175e-09,0.0,9.244366e-14,1.856439e-21,1.6097338e-17,4.573434e-05,1.6335643e-22,0.0,2.548468e-16,1.0489042e-19,2.7204843e-19,9.828793e-07,3.913814e-31,3.7257822e-37,7.4811464e-22,6.27213e-08,2.8834695e-29,4.188085e-21,1.32750234e-20,1.7117623e-10,5.773884e-15,2.7101967e-13,3.690623e-26,1.4032246e-27,3.5579015e-25,4.1312378e-18,0.0,2.1071282e-31,1.8224501e-21,1.2601335e-19,3.497695e-32,1.36464246e-17,3.2385457e-23,1.2443097e-09,9.778484e-24,1.6236803e-14,0.0,3.8406964e-36,6.771515e-34,9.854209e-22,0.0,0.0,7.0320323e-25,0.0,3.1367891e-22,1.3557342e-16,1.3978718e-11,9.2302865e-33,8.631371e-21,7.711172e-16,3.1807918e-31,5.937344e-13,6.760981e-20,0.0,3.998595e-24,9.9624345e-12,2.089897e-05,0.0,2.4824516e-25,2.2630288e-21,9.3627905e-15,8.404251e-23,0.0,4.1319174e-17,5.0807467e-28,0.0,3.2131895e-27,1.8746349e-22,2.3175865e-22,8.270065e-10,5.396492e-29,5.506376e-20,4.307657e-25,2.1633388e-28,9.503149e-25,1.5850223e-13,0.25889266,4.0845614e-38,0.0,4.110215e-21,2.1744872e-32,2.3366489e-12,5.153968e-36,4.757171e-16,5.5007195e-23,0.0,5.7967167e-18,8.597937e-24,1.95396e-27,2.1274762e-21,1.3314537e-19,2.1036576e-17,9.991238e-06,8.504728e-27,0.0,4.7149868e-08,4.6862645e-29,1.7469643e-38,7.598933e-21,0.0,5.596704e-17,2.1995388e-26,1.1327462e-22,8.4174586e-18,6.1853396e-21,8.1205034e-19,0.0008070814,1.831882e-27,3.7317377e-17,5.427949e-24,1.5379122e-25,2.975261e-07,1.6803092e-22,1.6582692e-16,9.69682e-05,3.52352e-14,3.4383963e-20,1.385088e-29,9.300314e-16,8.867563e-36,7.720092e-38,3.830707e-19,1.0500524e-13,2.5199277e-11,4.8601976e-26,2.3168115e-27,2.476162e-10,5.7960325e-10,0.0,2.422132e-20,6.04613e-31,4.4781198e-13,1.020433e-26,1.7536064e-32,9.0586494e-14,3.8923093e-26,1.2027367e-09,2.0457556e-21,2.1379436e-24,6.5123537e-18,5.2211333e-20,1.2036825e-16,5.2097123e-13,6.7978116e-11,1.5748664e-21,4.645224e-13,2.3553707e-12,4.8792646e-38,7.367875e-18,6.8513234e-15,0.0,5.877444e-29,3.5291014e-22,2.8129766e-24,7.7716e-14,2.092615e-22,1.7098905e-16,1.9367274e-06,1.8839232e-17,1.0257353e-29,1.3460968e-32,4.1357874e-14,2.559819e-31,0.0,4.0273747e-24,2.6708588e-12,4.0047493e-23,0.0,4.7170045e-22,1.94075e-29,4.114648e-24,1.2127755e-17,2.5026903e-21,1.21416416e-17,0.00031406494,1.201124e-37,0.0,1.2695629e-17,0.0,1.5999632e-17,4.098444e-12,0.0,1.4428604e-20,6.960947e-21,1.0373432e-22,1.468233e-22,8.4233973e-19,8.043134e-31,2.634359e-13,6.6964257e-35,3.340643e-33,1.4735845e-24,1.1919993e-15,1.1809267e-26,1.348344e-15,6.3731754e-19,1.4205938e-05,1.2183132e-15,1.3888526e-10,6.9241783e-16,4.3722332e-35,1.2500302e-21,1.00646376e-29,3.605843e-12,1.212728e-19,7.257438e-33,0.0,1.3631974e-15,1.9605665e-28,7.737865e-32,2.7664858e-37,5.3223807e-14,2.020799e-33,4.607414e-24,8.8437716e-08,7.375023e-09,3.337584e-19,1.493278e-15,2.1535585e-19
hat,hat,0.00030214846,1.3796927e-07,1.0150722e-09,7.176069e-08,1.8840742e-09,1.7291124e-12,6.788756e-14,4.774593e-06,3.2534205e-13,1.2246778e-08,5.2417888e-12,2.2935244e-06,4.6209793e-11,1.31863935e-05,3.733473e-10,4.5027946e-09,3.713215e-12,1.892983e-12,0.0035551728,6.171968e-08,7.522468e-07,3.280378e-12,6.7418224e-11,6.2163526e-05,8.246382e-08,3.7147847e-06,7.2651635e-11,4.0789334e-11,1.181052e-12,0.0045430437,3.2593548e-15,6.803035e-08,1.4494258e-11,1.37213175e-11,1.2273505e-12,0.0015602957,3.3848912e-07,2.2061157e-13,5.7014174e-14,0.0023690145,5.4219673e-09,2.985555e-11,2.6914775e-12,1.4642321e-09,1.1125457e-07,3.8815165e-10,5.0197335e-13,1.1632014e-07,9.977874e-12,2.3291878e-07,3.8747204e-13,5.683686e-18,3.2427852e-08,8.5239753e-07,1.0748972e-11,1.8381083e-08,0.07109038,6.81997e-10,4.979659e-07,1.2373721e-06,1.913063e-19,9.4086583e-14,1.7783472e-12,6.541711e-17,7.6938e-10,1.4837041e-08,1.9050019e-11,3.0428242e-12,2.141135e-16,1.9613258e-09,1.5033976e-11,1.1749943e-12,2.114481e-07,6.335726e-18,1.441002e-11,1.2171699e-08,1.4573968e-06,1.7764465e-07,5.1999246e-05,7.193072e-20,3.0453855e-08,3.745541e-10,3.8457442e-11,2.2287558e-09,8.7280466e-07,3.433421e-09,0.0002240551,2.1124814e-07,1.638331e-08,1.299397e-09,2.6721507e-13,9.284119e-07,9.112753e-06,5.7881786e-13,5.6702538e-05,1.3655764e-14,1.4392582e-14,1.3494388e-09,5.0043617e-13,2.1348687e-11,1.8834593e-06,1.5671412e-06,7.7815815e-10,1.6283159e-11,0.0004618053,1.1800963e-06,3.4331795e-05,1.5775678e-11,1.8141453e-08,8.4846394e-11,7.512696e-05,9.133401e-19,6.250012e-08,1.7728049e-14,3.623397e-11,5.712108e-06,2.555298e-11,1.568888e-06,1.0551388e-07,3.132698e-15,8.07347e-09,2.6220962e-06,5.7423577e-09,2.779475e-07,9.476478e-08,6.970327e-13,0.0008558689,1.0362985e-15,7.217052e-09,0.0291235,0.00018749949,0.00018081725,5.069441e-05,3.710035e-09,2.4322392e-15,1.2461117e-06,9.38594e-12,2.9755435e-15,9.92542e-10,3.5204862e-12,0.8174126,6.7340444e-08,1.2797887e-09,6.5285966e-10,0.00031844774,4.4033371e-10,2.3947709e-13,7.794105e-06,9.368639e-17,2.778904e-06,0.00018880218,1.9649589e-08,7.297305e-17,2.2077945e-10,9.341453e-08,7.384178e-07,1.7522366e-08,1.3247987e-08,4.8861715e-09,1.5005084e-13,2.9164227e-07,3.747444e-09,5.0189132e-12,1.1091526e-20,4.2242158e-07,3.1853518e-19,3.6622192e-13,3.0210965e-09,6.670808e-18,1.6641967e-13,2.6275793e-09,7.0663036e-06,4.3886136e-10,8.083578e-09,1.404195e-10,7.765401e-15,2.537094e-05,1.04441815e-08,1.4381344e-05,3.2971025e-11,3.546895e-11,0.011488284,8.678816e-13,2.1215823e-15,2.995483e-09,6.978019e-12,1.5811256e-07,3.886185e-09,1.14785065e-11,2.0861486e-09,1.0158779e-09,2.5053777e-18,1.12116886e-07,6.4296784e-12,3.46905e-07,2.1668788e-08,0.012900374,1.02198925e-07,4.0982325e-08,5.5319255e-08,2.0640208e-12,1.99223e-14,5.3788702e-09,1.9774928e-09,4.1806765e-14,0.0007659619,3.054301e-13,3.3781575e-07,8.9260346e-14,0.0005639216,1.3682117e-11,2.1587048e-06,3.5238146e-14,2.994223e-11,2.353289e-10,1.022951e-10,2.2158775e-10,0.0016202182,1.0530915e-08,9.881833e-08,7.485375e-13,3.88935e-06,0.010304673,1.8622122e-21,1.08890195e-08,1.4850314e-20,1.1129765e-11,5.9507286e-18,5.497305e-06,2.1374088e-13,2.068449e-06,4.104348e-09,2.6954872e-10,3.538412e-09,6.3644323e-10,7.321234e-08,2.270288e-09,5.7492097e-12,4.7114105e-07,8.404897e-14,1.865676e-05,6.938946e-12,3.684314e-07,3.943132e-13,1.2030997e-08,2.406076e-16,4.9010096e-10,1.7389879e-05,3.5705983e-11,2.830407e-06,1.5892581e-08,1.1204606e-12,3.14539e-08,7.5062434e-07,1.9710075e-10,1.1013834e-10,1.3979019e-06,1.6684373e-12,4.3437104e-10,0.0026281788,6.0896204e-09,2.9824193e-07,2.1997744e-10,3.5874805e-07,4.352506e-08,6.746248e-11,4.5243905e-07,1.5626649e-05,5.519357e-10,1.5379444e-06,1.2573972e-10,8.6805846e-10,0.006017981,8.92192e-13,0.005388169,3.0871706e-05,2.8344316e-10,4.202724e-08,3.23252e-09,5.913113e-13,2.4890818e-08,7.8700074e-17,4.7836868e-15,0.00083819823,6.435504e-09,8.6637965e-06,1.428083e-17,1.9231281e-07,2.5855889e-17,1.7266187e-07,9.2009785e-08,1.9326447e-07,6.1808544e-07,8.96301e-09,6.3695948e-06,1.8593072e-08,9.695372e-13,1.2279152e-15,3.793147e-11,0.000119401724,2.3888485e-06,1.4999445e-17,3.7064297e-08,9.772277e-12,1.4267848e-05,1.0915994e-11,3.6750617e-08,8.332428e-07,8.864623e-05,1.0820118e-08,1.6204287e-10,3.6922456e-09,4.8772337e-16,1.25412476e-11,3.2255917e-05,5.4272015e-17,3.2548742e-12,2.117839e-07,1.7837124e-07,0.00033967447,1.1633706e-06,3.6622108e-10,3.6827402e-07,1.14257945e-08,2.3102233e-08,1.5035697e-11,7.825058e-06,5.1104603e-08,4.9381904e-16,0.000604303,5.3433036e-10,3.4368474e-13,5.3599976e-12,2.534089e-10,5.433569e-14,9.9468075e-08,5.4895e-17,4.1838207e-06,6.8803185e-14,2.1497137e-07,2.08498e-08,0.012178657,0.001145087,2.3943328e-20,6.365674e-09
hat,hamburger,6.0330644e-06,1.2445754e-06,2.4450212e-12,1.99774e-11,2.6763078e-14,1.0422284e-14,2.466633e-20,1.7230702e-14,7.455528e-13,6.060707e-11,4.3167068e-13,9.458608e-11,1.6476078e-19,2.3067538e-05,8.673646e-19,1.7809683e-16,4.569868e-13,2.5481218e-25,4.6006327e-14,3.915267e-18,6.4454234e-08,3.92636e-13,2.8353633e-21,1.0575811e-11,1.2853736e-10,3.259817e-11,6.9017694e-11,4.1287702e-12,5.593604e-08,6.777482e-09,1.4609678e-14,3.8048783e-12,2.8621396e-21,4.9508115e-12,7.959556e-07,2.7389323e-11,7.920389e-08,2.7425557e-07,1.8890944e-17,4.7252247e-08,2.2407495e-07,6.991989e-07,2.3167497e-16,0.002902828,4.3405407e-10,7.2230737e-09,6.1862704e-22,1.890468e-13,6.4490274e-34,1.0132841e-15,1.0996914e-15,4.3024337e-22,2.6941867e-11,1.1646832e-06,4.693576e-13,2.5851076e-20,0.00035907392,3.7532484e-08,8.315538e-11,2.6039065e-17,2.876692e-25,7.0887367e-19,5.617297e-08,2.1312445e-11,1.2181182e-19,2.6336472e-16,8.543706e-11,2.4425892e-11,3.7232785e-13,5.520392e-06,1.2663107e-09,9.566088e-11,8.9116686e-13,3.2043156e-16,5.1047347e-19,7.472629e-16,0.00017562327,2.530631e-07,3.2704105e-07,2.1840489e-20,4.0585123e-06,1.4104027e-12,2.5855725e-19,8.847446e-13,1.3598598e-09,2.5077103e-08,4.0370935e-07,2.6966043e-10,1.12454964e-17,8.6744585e-15,2.676084e-21,3.900839e-09,2.7637044e-09,3.126981e-11,7.2102523e-07,6.464449e-18,1.2195797e-24,5.643968e-10,4.86559e-10,9.29411e-12,1.3066944e-13,7.802117e-08,8.511306e-11,8.385766e-14,4.1374734e-12,6.6490813e-09,1.90211e-10,6.5355344e-19,7.7463144e-13,2.339264e-22,6.1186156e-12,1.0556995e-17,1.1196782e-10,1.4424152e-16,1.7066299e-08,1.9620232e-12,1.2493146e-11,1.419019e-15,4.643458e-15,1.2161982e-08,2.7720003e-11,1.1409259e-10,1.4283493e-15,8.7091033e-16,3.050565e-09,9.446219e-23,1.3427928e-08,3.2880317e-17,1.9704415e-17,3.7207426e-10,2.9462285e-08,0.0023035728,9.746537e-12,4.990682e-22,2.742264e-21,7.027394e-14,1.4267545e-14,1.5919806e-15,0.86485505,9.6909384e-17,0.009702326,1.0994839e-11,2.7989357e-19,6.497294e-14,0.016151933,3.7524667e-05,1.2836152e-09,4.3483064e-13,5.5084633e-14,2.6021782e-10,6.813774e-09,3.2601876e-20,4.3698013e-23,1.1920355e-12,8.48502e-10,4.9097415e-10,8.0230853e-07,1.752862e-16,2.1917962e-18,7.292727e-18,7.6129145e-11,3.2571893e-14,1.3672793e-21,1.6322685e-19,5.6831042e-14,1.4535888e-17,2.819671e-20,4.014686e-15,1.4148584e-13,3.069832e-28,1.3522472e-21,8.0202827e-19,3.3152473e-18,2.2372481e-14,9.19634e-14,7.515657e-15,4.6993967e-14,9.454765e-15,5.723216e-16,4.27114e-27,6.580384e-13,7.868497e-09,2.4031352e-10,8.118737e-31,1.6412306e-16,7.1500055e-19,4.3389656e-11,1.599947e-11,2.6098818e-18,4.336351e-11,2.1889244e-16,2.4087344e-17,1.474228e-10,1.6403419e-16,4.4083032e-11,1.9373586e-07,4.979607e-10,1.5240835e-13,1.693528e-10,4.521069e-08,5.083225e-11,4.311483e-16,4.214583e-15,8.825228e-14,9.0003915e-21,2.3888373e-05,8.375105e-10,9.966952e-10,1.934102e-22,3.0545738e-07,7.325755e-14,4.7852055e-18,1.2558282e-17,7.897462e-15,1.1259628e-23,0.0718142,5.7624545e-15,1.5914391e-09,4.5493933e-14,1.1650935e-11,7.1897167e-12,5.1476645e-09,3.6670638e-06,1.1245128e-14,6.4911222e-15,1.3333522e-27,6.726024e-16,2.328714e-14,9.4124646e-11,7.160705e-19,8.2057165e-12,7.888445e-11,4.219684e-07,0.031578623,3.5434063e-08,2.7271993e-14,6.9176387e-18,3.4776906e-18,4.85723e-16,4.360584e-12,4.7628346e-06,4.2345426e-11,7.76956e-17,4.3788067e-18,1.4251878e-14,1.3910451e-18,1.4998397e-09,4.8848324e-20,9.807726e-15,2.4882058e-07,2.8811405e-17,1.2105105e-14,3.4795894e-10,5.0415355e-17,9.377069e-16,9.935823e-10,2.333999e-12,1.16162815e-10,3.7349794e-09,8.4983746e-08,1.4252517e-16,4.6195447e-11,1.330483e-10,4.1821177e-16,1.6439732e-11,3.9297463e-13,1.9967215e-16,2.855539e-08,2.4265572e-13,9.524392e-12,1.4125071e-13,3.670219e-10,2.6148353e-10,1.6749388e-20,2.054402e-13,6.1483774e-12,7.126011e-13,4.360309e-16,6.887066e-19,3.3256734e-17,5.679729e-12,1.2138942e-16,2.2656934e-14,3.034525e-09,2.5405699e-18,1.2548851e-09,4.343372e-18,1.5989151e-12,2.2764806e-13,1.9954645e-24,1.6816347e-06,2.6738355e-16,2.6593126e-14,1.5187359e-16,2.9772634e-16,8.589037e-17,1.5312431e-16,7.713829e-18,4.7785186e-15,1.7997927e-14,6.4878254e-09,9.322564e-32,3.963677e-15,1.6329159e-12,1.1266582e-09,4.8450746e-15,2.7323247e-05,2.4504262e-13,4.0665635e-17,7.165154e-13,1.0911452e-09,1.2222235e-19,1.0916154e-17,8.03864e-09,2.8576623e-09,8.989841e-17,4.678725e-19,3.1888538e-16,1.970196e-07,3.7356433e-12,2.1911148e-07,5.7270828e-08,3.5158197e-07,8.857491e-17,1.4751857e-08,6.047161e-15,6.359096e-14,6.39873e-08,2.3992477e-28,6.258419e-10,2.2486204e-13,3.9719373e-17,1.6269356e-33,6.900312e-21,6.3594144e-13,2.480818e-26,3.4827553e-22,5.752245e-14,2.6686775e-25,5.0828888e-21,4.5148004e-06,5.109425e-06,1.4617178e-10,5.904441e-23,2.64157e-13
apple,apple,6.6436806e-10,5.2674487e-09,2.5943317e-08,2.8622361e-08,0.39593548,1.3774009e-11,5.0908314e-27,6.8801256e-07,2.4374733e-09,2.8120411e-08,1.9877323e-08,1.0709581e-12,1.1824951e-09,1.0317673e-11,9.886475e-20,1.7826234e-13,2.5070201e-10,1.4271418e-06,5.2114507e-07,0.41979113,5.548814e-13,1.3213487e-10,5.0131586e-08,1.3016077e-10,0.0001722186,1.556724e-14,7.3542274e-08,3.8970292e-11,5.3516246e-16,1.5990727e-14,1.4082603e-09,0.17305192,3.0065268e-09,7.575735e-07,1.576446e-05,2.0620789e-08,7.750049e-11,2.161966e-06,1.8270109e-17,2.1285289e-06,1.1265567e-07,1.3624506e-10,1.1370842e-12,0.00018974204,2.6776448e-08,7.2689055e-09,3.965766e-15,8.9666896e-10,4.7605597e-16,2.5980906e-19,6.397805e-08,5.2396323e-09,1.4110121e-11,7.6213943e-13,6.634064e-08,5.6670875e-21,4.99541e-06,1.3494867e-12,1.2964695e-09,5.0188603e-08,4.552074e-19,1.7475656e-19,1.3128519e-11,1.8350597e-22,1.5379427e-21,7.431777e-17,1.9692225e-12,1.51094955e-05,2.4903075e-13,5.62073e-15,3.4865505e-19,8.1786216e-13,5.4432087e-07,2.8799943e-05,7.0584297e-06,7.999339e-08,8.367655e-13,1.9827113e-23,6.5199665e-06,2.924089e-11,2.0932542e-19,1.5692342e-05,2.5731554e-12,2.5946313e-06,1.321268e-10,5.7816245e-11,4.6108446e-13,1.2196552e-08,4.2847907e-09,1.6694986e-12,4.391008e-08,7.985672e-10,0.00043913853,6.630897e-09,3.0984843e-11,2.0713688e-13,1.3707744e-35,2.4813047e-16,1.6160453e-16,4.107635e-08,1.1025624e-12,5.7915637e-09,3.01186e-12,5.806834e-07,2.1468982e-09,7.301484e-07,3.9616825e-08,2.2690548e-10,1.5810095e-07,1.5595447e-10,1.10964e-09,1.5388097e-23,7.230764e-10,3.2018632e-22,5.7542716e-12,1.104223e-08,1.7963264e-10,1.6108325e-08,1.2413409e-08,2.9077638e-16,6.0778476e-09,2.0619936e-07,4.3627053e-09,1.4799484e-09,1.1286004e-06,8.253824e-10,1.3396488e-05,2.203349e-18,3.865729e-11,4.863365e-10,4.542958e-08,0.00033806602,2.8573403e-14,1.2545018e-18,1.5299888e-08,1.8203476e-08,5.331974e-11,4.091113e-12,4.083314e-21,6.158984e-14,1.1585977e-09,2.3947433e-11,3.1330476e-11,2.5205218e-10,4.7734696e-09,2.456149e-10,8.287175e-09,2.7462417e-07,2.6233746e-13,1.4274845e-14,8.985326e-08,6.9579666e-13,3.5407872e-15,5.265666e-22,6.5478195e-10,1.1020937e-08,2.6557716e-17,6.3538806e-08,3.3189427e-11,5.550246e-08,5.471947e-19,3.9379664e-08,1.5528287e-20,8.21605e-21,4.634859e-15,2.213205e-18,1.7844898e-18,4.403946e-21,9.016867e-11,1.3107131e-14,3.894393e-14,2.8430716e-09,2.4538045e-05,1.0154866e-07,1.6700554e-09,4.9100535e-13,7.771865e-12,1.5883708e-09,4.2814765e-08,1.0301661e-12,6.84579e-26,0.001655914,2.8293248e-06,3.539885e-21,1.0536056e-14,1.810297e-11,2.5785848e-08,0.005804144,1.2563404e-11,1.769495e-11,1.4212851e-06,9.469228e-33,0.00028871128,1.2786559e-08,3.7045336e-07,1.7472639e-06,3.353432e-18,4.195893e-09,1.0747279e-11,1.0524828e-10,7.450512e-17,7.568828e-08,2.8775343e-05,2.1523742e-18,5.439694e-17,1.0217548e-06,2.5727741e-11,6.410336e-16,3.085695e-13,6.615896e-07,3.20772e-14,0.00022173277,2.0419071e-23,8.2885754e-07,5.6977556e-15,2.8225956e-15,2.720923e-07,4.9112092e-08,2.9118954e-07,3.520557e-08,1.4538004e-24,1.8601944e-13,1.7667988e-09,7.7067415e-26,3.0621625e-12,1.2894234e-06,6.418087e-10,2.0218447e-11,7.2981976e-07,6.8578935e-18,5.123944e-08,2.3558566e-09,2.8271827e-10,2.1914861e-12,2.13433e-10,3.0468626e-20,1.8003817e-09,3.374105e-10,7.5872555e-12,1.6160757e-24,2.954658e-09,7.979198e-07,1.2078881e-11,1.6469578e-08,4.030756e-14,1.3739335e-24,6.040812e-11,1.11179354e-07,1.3271753e-07,6.198006e-09,3.0282894e-19,1.0556662e-05,1.7299537e-06,2.077389e-07,1.2190958e-10,4.842162e-13,4.560381e-12,5.5168464e-10,5.6404907e-15,2.9551773e-16,1.1005152e-06,6.66291e-05,3.142582e-07,3.4330412e-07,1.779459e-11,5.227729e-18,6.539226e-12,3.9029968e-10,7.23618e-08,6.912536e-07,1.1699191e-08,6.7433397e-09,2.0515672e-06,9.31548e-05,2.2381657e-11,7.665971e-07,8.24657e-21,5.9473453e-09,1.1289058e-14,2.846982e-14,4.892692e-10,7.635813e-17,1.2326063e-16,0.0009974441,5.907028e-10,8.898096e-18,1.7142165e-18,1.169817e-07,3.172834e-11,5.871259e-19,3.5826797e-05,1.694036e-06,9.652905e-09,3.6324194e-17,1.4415979e-06,8.107272e-05,6.848989e-15,6.596126e-11,5.0566094e-13,0.0004347416,1.8045683e-10,1.714002e-24,1.4656606e-17,4.062471e-10,3.613387e-18,5.4148075e-10,2.4366688e-13,5.3652495e-12,8.233285e-11,4.227553e-12,2.5009725e-11,3.9764256e-10,5.291156e-15,8.8972314e-14,7.3101475e-08,2.1661248e-15,2.3571076e-15,4.1589765e-06,1.4478303e-07,1.3420604e-09,2.8087e-13,7.4265363e-09,1.4331685e-16,8.6663154e-10,6.0118648e-05,3.2211135e-12,4.39519e-19,3.0295358e-05,7.024197e-17,6.769075e-05,1.035643e-12,1.5740648e-07,2.7283124e-15,7.891869e-06,6.0028693e-09,1.2290013e-07,6.0429942e-21,3.97338e-09,6.4516334e-13,1.2190946e-12,1.2526954e-16,2.734492e-07,8.106196e-11,7.820009e-13,2.2118777e-05
bicycle,bicycle,7.08042e-16,1.921907e-07,3.8455232e-15,4.1512853e-06,2.4041516e-10,7.3537834e-05,4.4465956e-23,1.471058e-11,4.568255e-16,1.9153845e-08,3.0282774e-10,2.9193206e-08,7.315956e-12,1.5217213e-09,2.9129235e-16,1.0811235e-14,7.179138e-11,3.5337033e-13,0.0015746371,3.4462748e-16,2.5652714e-06,1.8623437e-06,1.8146284e-13,9.698257e-09,3.1026422e-05,5.5284857e-12,2.109371e-05,9.1204484e-15,1.4844963e-27,6.2108724e-10,1.0880313e-09,2.4659138e-07,0.8471212,5.3410855e-05,3.1804566e-09,3.9163114e-10,2.2185627e-10,1.7425735e-09,1.3798949e-15,2.9529668e-08,3.845485e-12,2.6895128e-11,5.805352e-12,1.5542293e-08,2.966581e-17,5.9946627e-12,1.5935689e-11,2.2332747e-13,2.9494165e-18,2.6751648e-13,3.5318547e-07,3.048777e-13,1.1645988e-20,6.563334e-05,6.894431e-09,2.5171224e-14,3.6290413e-07,1.1593822e-19,9.186992e-10,1.7458603e-09,4.998614e-26,8.932571e-26,1.39210785e-08,2.7859152e-13,6.887547e-23,6.50078e-16,1.4964956e-09,4.117409e-06,1.7533898e-23,1.5239601e-06,1.02108564e-17,2.315126e-06,1.9501613e-16,1.2770509e-08,7.0782974e-13,1.8388954e-25,1.4130983e-07,6.88627e-20,3.4669526e-07,3.1827203e-05,1.00345655e-13,3.4298362e-19,5.840424e-20,5.4976535e-05,3.8361158e-08,3.5015446e-10,9.380219e-22,6.96275e-10,1.6987672e-11,2.224935e-26,1.5098577e-07,1.6831642e-10,8.314531e-08,1.5980298e-05,1.5380254e-11,9.7769405e-30,1.0829237e-28,4.217851e-20,2.145625e-11,1.7727197e-07,1.3866368e-10,2.8804803e-09,0.0001464121,1.0518298e-06,1.3880732e-07,3.5026398e-10,1.907225e-09,1.8275156e-12,1.1885598e-07,3.4049404e-17,3.058398e-06,7.152509e-27,3.333271e-07,1.0027109e-12,5.256556e-12,4.727331e-08,7.6270354e-19,2.1453703e-12,9.960817e-12,1.1212986e-08,1.19939735e-11,5.5587077e-11,1.0088079e-11,8.9100755e-11,8.654325e-15,4.851446e-10,3.7534814e-05,3.3966973e-20,2.3668167e-09,1.2032767e-07,1.9120849e-08,0.00022173935,5.5536507e-08,4.8440283e-11,8.1511116e-13,3.618295e-10,5.1791117e-11,1.1611027e-06,3.544126e-20,2.0812395e-17,7.647935e-09,5.688823e-08,2.1448116e-14,8.250231e-09,1.0623629e-13,3.6940254e-10,1.8061929e-09,6.938893e-08,2.2859235e-11,5.5057867e-16,9.006708e-13,4.1801122e-13,1.2558556e-18,1.92816e-18,4.099744e-14,6.1591145e-08,1.0012228e-22,3.6729166e-12,2.4144142e-13,2.8912277e-07,4.6370497e-14,5.683734e-05,4.8430394e-30,6.973581e-14,1.507303e-14,2.0891915e-12,1.4434833e-22,5.7418487e-22,4.158845e-14,2.3186017e-19,1.1307042e-10,1.8874248e-07,4.6462865e-09,1.0461923e-12,3.9311465e-09,1.0320435e-08,7.174657e-16,7.6316145e-09,3.5928656e-09,5.0582743e-24,9.93233e-18,1.4863992e-06,5.1045932e-05,8.4106835e-22,3.0851285e-12,8.435825e-11,3.5461072e-09,2.399019e-12,6.77329e-17,6.763631e-10,1.4823193e-10,5.487313e-24,2.2230408e-13,1.5810883e-12,3.966525e-12,3.2975128e-10,3.159616e-12,5.9095053e-09,2.567792e-10,1.6513974e-16,1.1063226e-14,1.2079983e-10,0.15015511,7.304071e-21,1.9486701e-20,2.1445214e-10,1.4695328e-18,1.4863199e-06,2.7516374e-16,1.6880124e-10,2.3734067e-10,5.950859e-16,1.8799577e-08,6.276911e-13,2.9564714e-16,4.2894577e-12,2.4190155e-12,2.6627083e-09,2.1213207e-06,1.2059764e-11,5.143254e-28,2.345597e-08,1.8512118e-18,1.9041126e-25,2.945067e-17,6.2286895e-18,6.412932e-13,3.8295336e-17,6.0719524e-10,5.9557645e-16,7.784535e-10,1.4629562e-09,3.4233736e-07,8.1001364e-17,2.4909872e-07,3.013711e-10,9.559657e-12,6.0040643e-06,6.882179e-11,1.9151303e-14,1.6500455e-06,2.6343008e-07,5.152767e-10,1.2100119e-13,0.00012533281,4.5531893e-23,8.366104e-23,4.540744e-12,4.050236e-06,6.431985e-08,1.3814944e-10,3.9623036e-13,4.9759983e-09,3.4685667e-07,1.8741465e-20,2.3278665e-16,5.28368e-18,4.576652e-13,1.05475524e-13,2.3471656e-21,5.9491917e-12,2.1620316e-12,4.8447614e-06,8.861218e-14,1.6661717e-17,3.373217e-08,9.1137506e-12,1.2102993e-11,7.677381e-06,4.5662573e-06,1.7729285e-08,9.813219e-08,1.025475e-06,1.3054589e-12,9.6289764e-12,1.1742941e-10,1.4917508e-20,2.2495938e-16,1.6735495e-08,1.8296504e-12,3.0079153e-07,5.5503905e-15,3.2353864e-10,6.3285326e-05,9.411449e-12,2.0392482e-18,2.0585195e-13,2.8729646e-08,1.3460565e-19,3.6319983e-18,3.6909752e-14,6.321288e-07,2.0726553e-13,6.165135e-22,6.342171e-10,5.799143e-16,2.6491926e-09,1.3651912e-10,2.5712312e-11,8.725253e-10,2.3324752e-05,4.360633e-19,7.668419e-15,1.538624e-11,6.7166205e-28,1.5430001e-07,4.4847473e-11,9.574238e-23,2.1787963e-13,2.6185885e-09,3.708011e-13,1.07945606e-11,3.4547804e-07,4.789798e-21,5.107638e-10,4.5947908e-21,1.2392604e-19,3.8680244e-12,2.8465494e-11,2.2933481e-18,3.4970862e-10,5.121831e-07,1.255977e-08,1.2677607e-08,1.0607475e-05,3.8148684e-08,2.1431245e-16,1.1367492e-12,7.290581e-18,1.2545637e-09,3.7936897e-11,2.4953032e-16,1.5839832e-23,9.0563084e-08,1.0655183e-17,2.7379357e-13,1.776597e-24,1.2380719e-08,9.327843e-13,1.9811611e-14,8.039682e-08,1.446582e-06,2.9941745e-09,6.6182304e-09,3.8435913e-13
house,pig,7.755533e-08,1.4145813e-09,6.0343974e-15,1.7393069e-10,8.3865984e-07,6.485058e-16,8.406463e-28,6.917629e-29,7.5824545e-19,3.1337686e-16,3.8220754e-19,5.3210253e-10,5.3259013e-24,9.095206e-06,7.442393e-38,1.5563173e-18,6.5879165e-22,2.7833472e-28,1.05717015e-11,7.5089756e-32,2.8251748e-12,7.4420055e-13,5.8193835e-30,4.1593628e-11,0.018352464,3.2170047e-09,1.1640251e-08,2.5118805e-12,5.6252844e-20,8.7757394e-16,2.8042436e-15,8.666016e-18,6.0133956e-22,8.974278e-12,3.2457503e-09,3.535758e-12,2.5162013e-08,0.00032684588,1.7708785e-12,6.849228e-14,2.9466282e-12,1.3121753e-12,9.9825586e-17,0.08737587,9.507128e-17,2.0504037e-19,3.1129784e-38,1.9145566e-05,0.0,2.616812e-10,0.0027988316,8.644338e-22,1.3601097e-16,2.8275524e-08,2.3362888e-20,5.0891836e-26,2.049375e-08,1.3079574e-12,5.1483906e-10,1.8955873e-07,1.0804953e-26,2.24638e-16,1.714194e-14,4.7818232e-14,5.6717847e-27,3.954286e-22,6.7453265e-15,6.267766e-09,7.275956e-23,1.1950906e-13,4.2114114e-11,1.804676e-05,0.0,1.9854548e-12,6.921941e-19,1.443442e-35,1.01870614e-16,7.90694e-20,1.1746633e-09,0.010315084,5.3157274e-11,5.1876863e-23,1.5190915e-29,0.00079335924,1.3742233e-07,8.096855e-13,1.4535768e-19,1.7166339e-15,6.186111e-21,1.2464823e-19,3.3386915e-17,2.682173e-16,2.337378e-11,0.00912542,2.7665056e-13,0.0,0.0,3.5117785e-19,1.4154619e-08,2.9522088e-12,1.8968744e-30,2.6862132e-19,2.1190894e-07,1.07599355e-07,7.849615e-16,4.474609e-15,3.1404664e-11,5.157772e-23,1.9465347e-10,6.1253747e-32,1.2948655e-13,2.5268962e-24,2.030855e-06,2.335807e-13,9.433203e-12,9.08043e-15,2.5594031e-18,6.470352e-17,6.1449374e-18,2.4539708e-07,3.808491e-22,3.4046741e-15,4.8824184e-25,3.421616e-21,3.9745723e-19,5.2690373e-31,8.61931e-08,9.036398e-17,2.2194152e-14,5.041924e-24,9.392292e-15,6.787848e-05,1.0062376e-11,6.6166226e-31,3.1465078e-20,1.403165e-18,1.487554e-11,1.0306569e-13,2.7759233e-14,6.4839354e-19,1.1652736e-23,1.24105865e-20,4.8479828e-21,7.7924e-14,4.7066826e-14,4.2627632e-10,0.0002705991,4.2992745e-12,2.432283e-15,1.290004e-06,2.4258708e-15,3.195809e-38,5.809651e-36,2.2143148e-15,5.057045e-09,6.0447185e-15,6.0370036e-21,2.0479022e-19,1.774647e-25,5.319227e-07,4.3379553e-12,3.061035e-16,7.159579e-29,3.8488388e-25,2.4228534e-17,8.173363e-10,2.7548526e-17,4.733688e-23,2.6341507e-16,3.349924e-36,0.0,4.0540658e-32,4.8977473e-27,8.318255e-22,3.5309303e-21,0.0052656964,1.6818527e-22,2.3693062e-14,4.3393745e-14,0.0,5.4467315e-25,2.1219508e-09,2.0184756e-05,0.0,1.6209583e-18,3.801559e-11,9.771422e-17,1.1537389e-14,4.946654e-37,1.680161e-13,2.6223027e-14,5.220232e-27,5.9172882e-18,8.458738e-20,6.4040515e-17,1.4662756e-10,2.5238272e-21,7.2377683e-19,2.5403992e-16,1.0157712e-11,6.807987e-08,1.1677165e-08,1.555635e-10,6.477507e-19,4.2661837e-38,1.0189103e-12,5.9735984e-12,1.7466726e-19,3.081226e-20,6.5984497e-16,4.514414e-10,2.8758065e-31,4.1134606e-19,4.8199942e-12,0.0,0.0019203956,5.1612364e-23,1.2727318e-18,5.6825602e-08,7.8845474e-16,4.0822727e-20,7.9763923e-16,2.480721e-21,2.5435326e-15,5.2808144e-14,1.8293243e-19,2.3369892e-23,5.7144848e-11,7.0271735e-09,2.3355974e-32,5.8947907e-15,5.622274e-15,8.3164946e-18,5.9834967e-12,1.739301e-09,3.5163102e-26,5.907674e-20,1.7247342e-22,3.4597537e-23,1.6523072e-15,9.627513e-13,0.0049910555,3.856727e-12,1.9933802e-17,1.3735014e-05,1.2529118e-29,9.352199e-18,0.0,0.5766148,8.183883e-16,2.3448834e-23,4.979615e-15,1.0125115e-08,1.0184689e-24,1.7623536e-27,3.6887428e-28,1.378374e-10,3.8226793e-16,5.8273974e-17,5.2359372e-31,2.1246006e-08,4.9827376e-20,7.124863e-08,8.229764e-27,2.5231706e-30,1.4596378e-13,4.681706e-20,6.2241654e-16,6.280705e-12,0.0006018683,4.9983237e-07,1.9058503e-11,2.281499e-12,1.5035627e-18,1.4973353e-18,2.893755e-16,3.769203e-24,2.8504428e-33,1.3224023e-18,1.2271094e-21,1.0593515e-16,9.789626e-10,2.7040516e-11,9.957499e-09,3.8259033e-31,8.13048e-25,3.6750494e-20,2.199555e-09,4.3753265e-22,0.0,3.4754458e-21,2.3739745e-14,1.0344114e-19,6.20159e-20,2.1168285e-21,4.184241e-24,5.782807e-29,1.1314383e-11,1.3426061e-12,8.99496e-16,3.1777e-13,1.9373316e-35,1.1169727e-12,2.4785745e-13,1.396217e-35,4.804193e-18,4.477359e-07,3.84995e-20,8.3668094e-24,2.0014594e-22,3.8229954e-11,1.6297269e-16,0.28109252,2.2444882e-15,2.580663e-14,7.365376e-30,0.0,1.9564982e-22,1.9618485e-08,1.708596e-10,8.918574e-21,9.712109e-10,3.7354206e-10,6.9167956e-11,4.176562e-13,7.888466e-14,2.6665558e-22,3.3283977e-13,5.964161e-23,2.066255e-13,7.6775725e-19,1.857464e-21,0.0,4.9573057e-23,4.7099117e-23,1.2793468e-26,4.4759803e-20,9.78416e-28,1.2578933e-20,2.6648277e-29,2.5399308e-11,4.0553362e-16,4.8198163e-17,3.118871e-10,6.424759e-15
house,bottlecap,5.9348816e-15,7.19662e-15,1.7973e-16,1.8837268e-16,4.0397374e-17,1.4068716e-35,9.9220694e-33,9.922058e-28,1.4834242e-23,1.6510339e-07,9.389336e-25,6.0918564e-19,1.1512034e-26,5.2593255e-12,0.0,1.6726612e-25,0.0,4.327899e-29,6.5233365e-09,2.0804401e-23,1.4651929e-21,1.738523e-25,4.6149996e-26,2.09988e-07,6.2587274e-10,2.5801989e-14,5.769735e-22,3.1435346e-10,1.1988622e-19,2.4095408e-11,0.0,9.2531196e-17,0.0,2.3546512e-24,5.570288e-15,1.8043932e-12,2.3076598e-05,7.6252074e-11,9.1988526e-24,2.4579221e-15,6.42247e-17,2.8479728e-19,2.8935162e-27,0.9956963,8.128015e-20,2.2262765e-19,0.0,8.006728e-14,0.0,3.558626e-11,2.5931587e-11,3.746598e-22,1.8704208e-18,1.0988401e-22,3.2125853e-33,1.4524071e-33,0.004210992,1.3967851e-14,1.8164615e-16,8.242489e-18,2.1403185e-35,5.0114627e-27,1.6941776e-28,1.1306451e-31,0.0,5.33905e-35,1.6000306e-28,3.4792654e-20,4.2875886e-37,8.236846e-37,4.197347e-09,1.479447e-14,1.6247551e-37,5.765048e-30,1.2170132e-18,1.4294933e-23,1.1148071e-24,1.3461805e-26,9.958495e-06,2.884554e-21,1.6284276e-23,9.146118e-25,5.248053e-23,2.7320106e-13,1.5127297e-14,3.012868e-13,2.7540245e-22,1.1410609e-17,3.6285263e-24,2.6261953e-14,5.0973872e-23,1.2241194e-16,2.4448696e-06,2.3360591e-17,1.8863231e-08,1.02658126e-32,0.0,3.9337644e-21,1.136273e-19,3.2723775e-17,1.2793704e-26,6.087449e-17,3.2900337e-20,1.2276711e-20,9.2018914e-27,1.719773e-22,2.791558e-18,5.378941e-25,9.67096e-24,4.135561e-28,3.5365025e-17,1.6747174e-32,1.4361977e-26,1.5593867e-13,9.6628674e-20,5.4154456e-17,1.6277083e-14,4.4674566e-24,5.6324425e-16,9.908159e-24,2.0679275e-26,2.793724e-08,4.882356e-34,4.9496446e-25,2.1958292e-26,1.5999435e-30,6.885429e-06,6.435251e-23,7.0933934e-25,1.1137685e-19,6.4447534e-17,5.2556004e-10,3.870198e-18,4.8567636e-32,1.2212672e-35,3.1682015e-25,1.1156966e-16,0.0,1.3031946e-13,5.993826e-32,1.4139542e-17,3.189343e-29,6.8532814e-12,1.9293884e-19,9.446012e-13,2.1318657e-15,1.0523557e-14,3.9181967e-17,2.9007818e-24,6.953234e-07,3.594979e-16,0.0,8.014916e-37,7.474248e-32,3.5107906e-16,7.482584e-23,2.4170668e-22,2.1800353e-21,2.3489591e-35,3.200715e-21,1.134841e-16,4.5575157e-24,4.6552828e-24,7.549334e-37,6.936176e-21,1.4087368e-25,2.8928157e-23,1.2919829e-21,2.5244514e-21,1.4280287e-36,0.0,1.8246236e-29,7.7463893e-31,6.1763214e-21,1.0477452e-29,1.6534134e-18,5.6169084e-16,4.126057e-29,1.062212e-23,0.0,0.0,4.3885917e-09,7.486001e-18,0.0,2.9829847e-21,7.1887594e-26,2.6207839e-27,1.6799358e-13,2.7336509e-33,1.36754785e-17,1.139619e-13,0.0,4.427941e-09,4.2833678e-16,1.187073e-16,1.3568137e-15,7.19324e-16,3.9926037e-21,3.182605e-17,1.3816619e-12,1.1891799e-17,8.030545e-17,2.3188886e-24,9.519655e-22,0.0,5.5355898e-08,7.565365e-14,1.4013058e-36,1.1726425e-18,6.747944e-16,2.267931e-23,5.2569386e-27,2.3087417e-36,2.4192039e-17,0.0,9.124567e-13,7.363455e-24,1.38506215e-17,3.76459e-08,1.4946188e-17,1.8039177e-20,2.0692628e-32,1.6074764e-20,2.884265e-23,3.0532885e-24,1.3868588e-26,1.4333014e-20,3.298881e-20,6.187166e-07,8.073508e-34,1.1652124e-20,2.2903468e-21,6.080005e-30,3.641948e-10,7.0304174e-23,9.449966e-38,1.3488052e-29,1.4099476e-31,6.8210166e-20,1.9963986e-26,1.4772284e-17,2.0678113e-09,1.1531733e-17,2.3278148e-23,4.3694205e-14,2.6526655e-29,1.0183397e-17,2.2975037e-37,2.912968e-09,2.7498693e-13,2.757443e-28,1.4484776e-12,9.239312e-13,1.05483064e-23,3.5654995e-27,9.173025e-32,1.790779e-15,1.391727e-29,3.7966864e-19,1.8565557e-29,1.0662053e-18,1.9386084e-21,1.02567045e-22,2.112954e-29,6.731815e-26,3.7720143e-27,1.3052721e-24,2.7966946e-11,2.0239237e-14,4.847668e-05,6.3932e-20,1.6869101e-20,1.4563036e-08,4.988671e-19,3.2075216e-22,1.3361159e-13,5.4592553e-31,2.6456005e-30,2.3055704e-31,3.2141012e-28,2.8662926e-20,6.304167e-15,1.5942147e-25,9.16892e-12,8.719132e-33,1.7866622e-25,3.533941e-24,2.6418507e-21,3.9746082e-30,3.2412746e-36,4.704846e-15,6.924852e-16,5.0527323e-20,7.3059534e-25,2.5477914e-17,4.5763522e-30,0.0,8.349868e-33,7.6343635e-14,1.4882566e-19,8.7833206e-27,0.0,2.1080031e-21,7.966254e-18,9.754922e-31,5.428229e-24,9.466764e-26,9.083858e-22,3.3723938e-31,7.890757e-27,4.2018213e-22,3.9620298e-22,1.3744158e-23,8.286901e-28,1.3253487e-21,0.0,2.1903394e-35,7.5414263e-20,9.514591e-18,1.7758435e-11,3.60539e-23,1.8902441e-13,1.6833771e-32,3.5741917e-25,1.4603806e-09,2.2984966e-20,6.7151145e-27,1.0812755e-08,0.0,1.029239e-11,1.4015952e-20,2.0160799e-21,0.0,3.4916666e-30,7.0079343e-28,8.740149e-32,1.8811139e-30,2.435294e-19,5.5148415e-26,1.729855e-27,8.538007e-25,5.793744e-18,7.591242e-13,0.0,2.178529e-15
fish,fish,2.1042581e-15,3.22634e-11,1.6527077e-10,0.00039841793,9.7500615e-06,2.6381081e-11,1.28461494e-23,4.3827547e-16,8.4335555e-16,3.9511932e-07,4.2325173e-14,1.744909e-09,2.2483233e-10,1.39173e-10,3.4767019e-22,9.963737e-14,9.450334e-14,5.998493e-17,0.00032143982,7.849627e-12,2.6381797e-10,1.0670322e-09,5.7085684e-14,9.278655e-14,1.9352477e-05,1.0299647e-13,5.31623e-19,3.5001171e-10,1.3362608e-10,1.4268892e-08,4.3770216e-17,1.4171655e-12,1.6157048e-17,3.0111144e-18,0.00014861577,1.8309702e-05,1.6212608e-10,1.430884e-09,4.004062e-12,4.64128e-07,2.7646895e-13,2.816887e-12,2.4089118e-07,9.316501e-06,2.9683528e-14,7.660189e-12,5.8602664e-20,8.724587e-11,6.5235874e-31,1.2328552e-08,3.9051345e-05,4.6981208e-15,3.0311434e-11,1.8416883e-12,1.6949109e-10,1.790989e-17,4.4095606e-05,7.482123e-17,1.4749896e-14,4.7238748e-07,1.1115199e-25,1.4894012e-15,2.0158413e-14,1.8930908e-17,5.772733e-21,4.672798e-21,3.1144062e-13,3.7162436e-11,3.192241e-21,1.2380705e-11,5.854411e-13,1.8548851e-14,3.9592866e-19,1.450343e-17,2.2856345e-13,1.3291914e-14,5.6864617e-15,1.1482503e-21,7.218484e-06,1.4260731e-08,1.0641659e-10,5.4403483e-12,2.0352557e-17,1.8880314e-06,9.355884e-15,7.6309326e-13,1.9735145e-13,4.2562898e-12,2.6241455e-12,2.5233515e-08,1.1727591e-10,2.5662056e-11,1.3897547e-05,1.8420311e-06,5.88038e-11,5.1262283e-23,3.6937338e-31,1.1974943e-14,8.265606e-17,9.651427e-09,4.028444e-16,6.2302147e-10,6.625013e-06,1.4015711e-09,5.6123956e-14,9.871349e-07,3.1450267e-07,8.639009e-11,1.8091734e-08,1.9415695e-13,1.3880099e-15,3.7531835e-12,1.6306909e-15,9.620794e-12,2.727172e-11,2.1892052e-11,3.26869e-14,1.0886919e-09,0.8845542,2.1753226e-16,1.1840449e-13,1.6864602e-12,1.9181236e-12,2.2739116e-13,1.8312318e-09,9.991631e-15,3.4534247e-07,1.4065312e-16,4.292666e-13,5.684199e-10,3.8523434e-12,2.6797716e-06,8.005764e-11,3.8585547e-17,7.038057e-18,2.757085e-06,3.0655232e-07,7.8064075e-22,1.1854124e-16,4.8217425e-18,5.4217497e-10,2.2263313e-16,7.663379e-11,7.934427e-06,7.007691e-14,1.2745688e-09,3.0471127e-15,1.514827e-05,6.2475157e-18,7.4180234e-13,1.133169e-05,3.6760122e-14,2.7620185e-16,1.9604546e-17,2.831079e-09,2.3033525e-11,7.440397e-17,5.079747e-14,2.9100637e-13,5.972357e-07,3.128928e-17,2.3215618e-09,5.1998815e-18,2.170941e-20,5.8013477e-12,5.5904426e-17,6.984922e-15,7.3890716e-14,1.913789e-20,6.9160256e-19,1.5895863e-19,3.0380759e-12,3.235352e-17,3.7785983e-11,1.6973329e-15,1.4573018e-11,2.9944676e-05,3.5924077e-13,1.7834442e-07,1.4898677e-22,3.5984824e-21,4.2971726e-05,2.6630474e-07,7.917361e-17,1.7080013e-11,2.6587957e-06,8.912162e-09,5.1409862e-11,7.247812e-14,6.739618e-06,1.2553322e-06,4.3340453e-14,1.6526139e-09,1.6503837e-09,1.5999592e-11,7.8997226e-07,1.3349579e-08,6.6043525e-12,1.6376832e-10,2.0058647e-11,7.757661e-15,3.0352463e-14,5.1824213e-16,1.126602e-17,2.4491694e-24,8.089026e-09,1.6822106e-15,4.028352e-16,4.9237114e-11,2.4775518e-06,3.8897408e-08,1.2790751e-15,8.305876e-24,2.4585368e-11,1.5397919e-20,6.886253e-11,7.9604334e-15,2.4607055e-10,2.8411187e-09,2.8896685e-11,2.0160965e-20,2.1221005e-12,9.855614e-16,3.0462226e-12,2.4116474e-18,5.5234647e-22,7.9132366e-14,3.242433e-16,6.5019963e-09,5.5489873e-18,8.648609e-10,2.0893183e-06,1.0172489e-17,5.3726184e-05,5.878202e-12,3.2789245e-25,1.8301526e-13,1.1544742e-13,1.217389e-11,3.62837e-19,1.6633571e-12,1.8269338e-09,3.2038678e-13,1.3102057e-17,2.023852e-09,1.4125796e-17,2.3770362e-14,4.7209574e-14,1.4175639e-07,5.439363e-08,3.9520605e-18,1.2391195e-11,4.730001e-09,8.8695344e-08,2.5558277e-13,1.1916131e-11,1.2889834e-16,1.4063335e-15,1.461178e-16,5.2216623e-20,3.2101488e-10,3.3287915e-12,1.5008778e-06,6.3820296e-16,1.509917e-13,8.4286473e-13,7.528949e-21,0.0017545661,1.88055e-12,0.09767727,0.001545142,8.553357e-11,0.00023689917,5.3466133e-12,8.9868885e-10,1.2429513e-08,3.3163053e-13,1.08249127e-19,2.8283897e-10,1.3846626e-07,0.0013377294,4.5414573e-19,3.0514002e-18,2.142418e-05,2.6186887e-17,2.1356157e-10,1.0797855e-12,1.4196498e-11,6.2088306e-20,2.2730048e-17,3.889618e-10,9.276793e-11,3.877529e-10,1.340965e-16,9.275963e-07,5.3154242e-17,4.3158455e-15,7.652261e-08,7.1470266e-13,0.00090871647,3.0987127e-15,4.179987e-28,2.2603162e-13,3.0255952e-13,4.0241783e-14,3.69873e-06,8.174866e-15,6.2788477e-15,3.9558785e-17,0.008362332,3.0880154e-19,3.3658456e-05,1.247653e-10,3.1911855e-11,9.3183087e-07,4.3585283e-24,1.1104008e-18,1.9737227e-08,2.617744e-14,2.116619e-12,5.435985e-07,6.867994e-11,5.7210765e-16,6.1194896e-16,4.860697e-08,5.8187744e-10,1.4573623e-12,4.1129283e-10,3.6218908e-23,0.0022630715,8.298615e-11,3.6210374e-14,2.8853806e-28,2.5833692e-15,1.6747104e-18,7.5844257e-17,1.5295935e-20,1.8205732e-11,1.6733451e-09,1.0125059e-18,2.8700354e-12,6.6052294e-06,6.326774e-05,4.705419e-16,1.8569543e-12
house,truck,2.5860297e-11,6.557184e-14,1.7383793e-25,1.5379222e-11,5.7304966e-16,8.4563434e-23,9.703749e-32,1.9258819e-13,2.188857e-26,1.3097124e-17,6.5329106e-23,6.45755e-12,4.7284547e-24,5.5660173e-18,2.6162862e-24,7.3745866e-19,8.43792e-21,2.6386008e-36,7.4965744e-13,4.721594e-21,6.600907e-05,7.6747646e-27,9.891653e-27,1.3635486e-10,2.1741244e-14,1.8035991e-10,3.117485e-15,2.652656e-16,1.9274846e-20,1.3877792e-14,1.632281e-36,3.8862053e-13,4.923211e-18,2.0432133e-12,1.4002349e-19,8.591495e-19,4.9445534e-11,2.2712699e-13,1.478669e-23,4.645337e-09,2.0355075e-16,9.564123e-12,8.352004e-20,5.9441377e-06,5.972499e-15,9.320796e-17,1.693346e-36,1.359308e-14,0.0,1.2411924e-12,5.670975e-24,8.220283e-37,4.0730202e-20,4.6737054e-09,6.7210157e-20,1.0881715e-29,6.4291777e-07,2.1303706e-17,3.818025e-20,7.2203465e-11,4.9783477e-29,5.845438e-16,3.695684e-23,3.0103895e-06,1.179488e-29,4.5419453e-20,2.3621567e-17,1.1807068e-16,0.0,4.750339e-13,2.6876747e-16,5.89081e-17,1.1999671e-18,8.663932e-27,1.3316605e-20,4.923582e-20,0.00019631338,4.654764e-13,0.0011811604,4.3373474e-19,5.002674e-08,1.5543224e-21,2.0586979e-18,4.254309e-22,4.5552942e-10,1.143718e-14,1.7951252e-14,1.2532501e-17,2.9295232e-22,3.1635334e-24,5.2078655e-19,4.4913298e-18,3.3650125e-14,1.0510766e-15,2.6104913e-11,4.9480915e-22,6.866491e-31,4.3563503e-19,2.2588128e-11,2.566849e-23,7.7367604e-19,1.9503877e-16,5.803368e-12,6.8374965e-18,6.523396e-16,8.6112365e-14,3.0887645e-17,1.5211956e-24,2.876228e-14,1.0140444e-35,3.9947578e-13,1.1397563e-26,0.00025628132,1.43325e-18,2.3463208e-27,2.5798852e-23,6.225279e-18,9.114206e-22,1.312805e-15,4.3180834e-18,6.557571e-18,5.5102976e-14,7.5978866e-28,4.975304e-24,7.031322e-20,4.6610365e-28,1.40109565e-11,1.0921152e-34,8.75986e-23,9.384006e-19,1.576409e-15,4.0367352e-11,4.8822367e-17,5.009197e-26,2.2530749e-24,4.7850526e-23,2.0509358e-20,4.9080697e-14,5.701347e-15,2.0260026e-38,1.083526e-18,7.2328853e-12,1.3438337e-24,5.1002945e-22,2.3733018e-10,2.1611278e-12,5.6867937e-15,2.083401e-12,2.1328457e-29,5.7177335e-20,2.3720503e-12,2.7100988e-23,1.1841121e-31,2.5031388e-20,2.3519932e-12,1.7726369e-27,4.738317e-15,2.9333214e-17,8.873529e-25,1.8106742e-15,7.611848e-11,1.3744512e-12,0.0,1.006033e-22,3.347641e-20,2.427343e-31,6.744476e-24,4.9433786e-13,2.3824795e-19,0.0,6.732491e-26,2.6984533e-22,2.8918728e-14,2.5034067e-27,1.4374364e-21,1.2406571e-20,1.4084607e-23,2.409017e-21,9.1176524e-21,5.863289e-36,4.4040028e-12,1.5134407e-15,3.5928804e-19,0.0,4.7942245e-23,1.3765268e-23,1.7803857e-24,1.3086709e-21,8.299631e-35,7.4026423e-16,6.131825e-19,1.0425065e-24,1.8204953e-15,4.679096e-30,1.7265939e-12,9.447898e-13,4.816135e-13,1.430089e-24,4.7694885e-16,5.0146845e-11,8.476097e-18,4.2972015e-24,1.777587e-12,2.213577e-19,3.599058e-24,7.3013413e-09,4.2939753e-23,1.5930349e-13,2.0353578e-33,3.4229462e-08,2.4557566e-18,3.151478e-23,1.2276992e-15,1.758225e-27,3.5527032e-26,5.558147e-10,1.0643233e-14,2.0685623e-10,1.7167555e-12,1.2827521e-21,5.2939495e-21,0.0002114685,1.8006143e-19,1.9351156e-29,3.0696214e-15,0.0,9.0282516e-29,4.9265415e-31,9.6080456e-11,1.8844603e-18,3.1663165e-20,1.4390176e-12,1.1814606e-06,7.0436994e-12,1.8470907e-08,3.2679133e-26,7.882186e-21,1.5182903e-25,2.3345707e-20,0.003869657,0.00047455248,1.2594503e-19,2.3767476e-15,4.4197185e-21,9.414521e-11,2.8070142e-17,2.108851e-13,1.13183365e-23,2.1775894e-18,6.532367e-14,2.2823756e-23,2.039514e-20,1.1461303e-19,2.032659e-24,5.513656e-16,2.1836646e-23,4.1540417e-24,2.7587917e-14,7.591898e-18,3.69653e-23,1.1193325e-19,2.5377397e-14,9.698173e-22,3.471849e-18,1.5372887e-11,2.8357437e-07,4.5572077e-17,1.5799265e-13,4.0598875e-17,1.9529844e-10,1.26644e-13,4.420682e-20,2.0348305e-10,9.750774e-22,2.350328e-17,2.2494108e-14,1.7632791e-16,1.6840318e-20,1.0503944e-24,3.0283236e-28,8.1782147e-22,2.0378543e-23,4.5421387e-19,1.28284675e-11,9.873071e-19,2.2044833e-20,1.5043137e-20,4.153497e-12,8.310773e-30,2.611928e-32,3.0507e-14,7.0277356e-18,1.4373487e-21,4.636452e-23,1.59446e-25,7.166107e-31,2.0433074e-19,9.98057e-20,1.4640915e-17,1.8196285e-21,0.0007912773,0.0,4.9425717e-19,3.1062861e-18,3.163345e-36,6.916535e-19,9.171809e-10,4.1611283e-18,2.8642228e-25,3.0812428e-18,6.0086057e-15,2.7159385e-21,5.1818156e-23,3.048999e-23,2.2152665e-19,0.0,2.413327e-24,6.908016e-27,4.9356374e-12,3.0254556e-16,2.4732216e-20,1.9124045e-05,0.9262318,6.8718105e-16,1.322281e-12,1.2942122e-09,1.0967357e-21,3.5557616e-14,3.3732844e-32,2.11203e-14,1.2464552e-18,6.245218e-16,8.539688e-38,1.5351194e-20,5.5008387e-32,2.2993044e-29,2.823418e-21,1.8259762e-22,4.4491353e-36,1.5272227e-27,0.066691294,6.303104e-19,1.7026441e-17,1.361337e-29,4.0049297e-23
